titulo,autores,generos,serie,sinopsis,url_libro,categoria_origen,fecha_extraccion
Koljós,Emmanuel Carrère,"Ensayo, Memorias, Novela, Realista",,"Un libro total, una construcción narrativa deslumbrante, donde confluyen la historia de una familia y la historia de los siglos XX y XXI . Koljós es el libro más íntimo de Emmanuel Carrère: un apasionante relato familiar que arranca con el funeral de Estado de su madre, Hélène Carrère d’Encausse, figura mayor de la vida intelectual francesa, primera mujer al frente de la Academia y reconocida autoridad en el estudio de la historia rusa. Su muerte en 2023 impulsará al autor a revisar una colección de archivos, cartas y fotografías que su padre había recopilado a lo largo de su vida, y que constituyen el punto de partida de esta investigación: una genealogía, profundamente entrelazada con algunos de los grandes conflictos del siglo XX, que va de Tiflis a París, de la Rusia prerrevolucionaria a la Ucrania actual. Carrère reconstruye así el recorrido de sus bisabuelos, los Zurabishvili, burgueses ilustrados que se exiliaron de Georgia tras la Revolución bolchevique; al errático abuelo Georges, marcado por la pobreza, el derrotismo y una colaboración con los ocupantes alemanes nunca del todo esclarecida; y, sobre todo, la ascensión imparable de Hélène, brillante, severa, rigurosa y a menudo impenetrable; personalidad legendaria y polémica cuyo legado y complejidad condicionan a quienes la rodean. También redescubre la discreta figura de su padre, Louis, un personaje apacible y humilde siempre a la sombra de Hélène, que ofrece un contrapunto afectivo a la austeridad materna. La nueva novela de Emmanuel Carrère, ganadora del Premio Médicis y del Premio Grand Continent en 2025, se mueve entre la historia familiar y la historia con mayúsculas y ofrece un retrato preciso de la Europa del pasado y presente siglo. Pero, sobre todo, es una confrontación con la memoria de la figura materna vista con la habitual mezcla de exactitud, empatía y lucidez del autor. Una confrontación que revela las aristas públicas y privadas de Hélène Carrère, pero también el profundo amor y reconocimiento de su hijo por todo lo que le debe. ----------------------------- Reseñas: «Carrère ha escrito un libro muy hermoso de amor hacia su madre, Hélène, poderosa y benevolente. Dieciocho años después de las turbulencias de Una novela rusa, que los habían distanciado, Koljós es un relato familiar y de duelo apaciguado» (Patrick Grainville, Le Figaro ). «Magistral. Es la obra de un narrador virtuoso en la cúspide de su arte, que sabe divagar y disertar con una naturalidad magnética para dar a su relato la apariencia de una sinfonía cuyos diferentes movimientos se responden, se complementan y se prolongan» (Grégoire Leménager, Le Nouvel Obs ). «Un libro donde el pasado convive con el presente, donde se habla de amor y de guerra, donde se entrelazan la vida y la muerte… y cuya grandeza se viste de limpidez, simplicidad y humanidad» (Nathalie Crom, Télérama ). «Está escrito con esa prosa hipnótica que le ha valido a este excepcional narrador convertirse en el faro de las letras francesas. Un arte inimitable para hablar de uno mismo hablando de los demás, para pretender que no hace literatura cuando a veces parece que es tinta, más que sangre, lo que corre por sus venas» (Éric Naulleau, Le Journal du Dimanche ).",https://ww3.lectulandia.com/book/koljos/,Realismo,2026-09-05
Marcelino: decires de un hombre,Bibiana Collado Cabrera,"Novela, Realista",,"Un hombre mayor. Un hombre mayor, de campo. Un hombre mayor, de campo, hablándonos de sexo. Un hombre mayor, de campo, hablándonos de sexo y reflexionando sobre las dificultades de ser hombre. Un hombre que siente la extrañeza del lenguaje, que no alcanza a decir lo que quiere decir, que apenas logra señalar lo que duele. Marcelino es su relato, cuajado de miedo y de amor. A su alrededor, la brutalidad y la dulzura se abren paso entre cuerpos que gimen, que paren, que lloran a sus muertos, que se alejan lentamente del campo… Bibiana Collado Cabrera elige en esta novela a un protagonista con un lenguaje y un imaginario de la tierra, en un gesto tierno y provocador.",https://ww3.lectulandia.com/book/marcelino-decires-de-un-hombre/,Realismo,2026-09-05
Madonna no nació en Wisconsin,Natalia Moreno,"Novela, Realista",,"Esta es la historia de una mujer que recuerda su pasado para poder tener presente. De una niña que cambia su nombre para mover el mundo un milímetro a su favor y seguir viva. De un pueblo de los noventa lleno de cabras y silencios que gritan, un frontón en el que meterse mano, un cine de verano con sillas de casa, un bocata de sardinas, una abuela sola contra el mundo, una prima con walkman , j’haybers y olor a aftersun . Y, sobre todo, es la historia de alguien que solo tiene una bicicleta para poder escapar de semejante estercolero. Una voz de reconciliación, de memoria, de reinvención y de ese empeño casi terco en querer quedarse en este tremendo planeta que se cae a cachos pero que, por raro que parezca, sigue siendo nuestra casa.",https://ww3.lectulandia.com/book/madonna-no-nacio-en-wisconsin/,Realismo,2026-09-05
Mi querida Irene,Clara Fuertes,"Drama, Histórico, Novela, Realista",,"Mi querida Irène es una novela que habla de la memoria de las mujeres. Habla del amor. Y cuenta lo más triste, el último adiós. Es un viaje al pasado, a la Segunda Guerra Mundial, a Francia, al corazón de la escritora Irène Némirovsky . Imagino una maleta orgullosa, de cuero marrón, algo envejecida por el tiempo, en un rincón cualquiera de una casa de campo. Una maleta que todavía no sabe que deberá aguardar callada muchos años para desvelar su propia verdad. Imagino los nervios, los meses envenenados en negro, la rutina de un hogar alterado por la guerra. La cotidianidad interrumpida a base de golpes sobre la puerta de la entrada: Uno, dos, tres, cuatro, imposible contar cuantos. Imagino, la imagino. A ella, a Irène Némirovsky. Lleva el cabello desordenado en un moño bajo mal hecho; sus manos están manchadas de tinta, su ropa también. Entre los brazos sujeta un cuaderno escrito con letra minúscula que cuenta un relato muy grande. La imagino de nuevo, un momento después, agotada, estrujada en un tren de ganado, despojada de sus rizos, de su humanidad, de su autoría, de su obra, de todo lo que era hasta entonces. Y antes, no mucho antes, en un pasado cercano, la imagino en París, recorriendo sus calles, con esa mirada juvenil y radiante, confiada, también algo miope, una mirada que estaba por descubrir un mundo de letras inmenso. Un don. Mi querida Irène, es de noche y te escribo sentada junto a la ventana. Eres un final abierto. Un final sin eternidades. Un final ya escrito. Recuperarte ha sido un regalo, ficción histórica, supervivencia, como si la inocencia volviera a latir en el corazón de todos los hombres. Dicen que se ha escrito mucho sobre la Segunda Guerra Mundial, sobre el Holocausto, la gran tragedia judía, y yo digo: ¡nunca será suficiente! Sus historias son grandes. Hechos reales. No engañan con emociones falsas. Son biografías. Sabemos cómo acaban y, sin embargo, las escuchamos como si no lo supiéramos. Ahí radica su misterio y la magia. Poner un tú, un nombre propio, Irène, y después sentir el yo. Sentir que estás en familia, en casa.",https://ww3.lectulandia.com/book/mi-querida-irene/,Realismo,2026-09-05
Primer amor y otros pesares,Harold Brodkey,"Novela, Realista",,"Cuando apareció Primer amor y otros pesares tuvo una extraordinaria acogida crítica. Así, John Cheever escribió: «Harold Brodkey me hace sentir constantemente que es un escritor de primera magnitud», mientras que Nancy Hale afirmó que Brodkey y Salinger eran las «más extraordinarias figuras literarias» de la joven generación. El libro es un vívido y espléndido retrato, en nueve relatos, de una cierta juventud norteamericana en los años cincuenta, con sus parties , sus colleges y sus viajes a Europa: culta, rica y convencional, pero también desasosegada y desconcertada. Una educación sentimental de una penetración y un encanto extraordinarios. Después de este libro, Brodkey empezó a trabajar en una mítica novela, que el autor aún no ha decidido dar a la imprenta, pero de la que reputados críticos y novelistas que han tenido acceso al manuscrito consideran como la Gran Novela Americana de nuestro tiempo. Entretanto, el lector puede saborear este libro de relatos: William Maxwell, su editor en el New Yorker treinta años antes, recuerda: «Me parecieron brillantísimos, nadie escribía como él», mientras que Susan Sontag afirma: «Leo cada palabra que Harold Brodkey escribe».",https://ww3.lectulandia.com/book/primer-amor-y-otros-pesares/,Realismo,2026-09-05
La isla del árbol perdido,Elif Shafak,"Novela, Realista",,"En un convulso 1974, mientras el ejército turco ocupa el norte de Chipre, Kostas, un griego cristiano, y Defne, una turca musulmana, se reúnen en secreto bajo las vigas ennegrecidas de la taberna La Higuera Feliz, donde cuelgan ristras de ajos, cebollas y pimientos. Allí, lejos del fragor de la guerra, crece a través de una cavidad en el techo una higuera, testigo del amor de los dos jóvenes, pero también de sus desencuentros, del estallido del conflicto, la destrucción de Nicosia y la trágica separación de los dos amantes. Décadas más tarde, en el norte de Londres, Ada Kazantzakis acaba de perder a su madre. A sus dieciséis años, nunca ha visitado la isla en la que nacieron sus padres y está desesperada por desenredar años de secretos, división y silencio. La única conexión que tiene con la tierra de sus antepasados es un Ficus carica que crece en el jardín de su casa. La isla del árbol perdido es una historia llena de magia sobre la pertenencia y la identidad, el amor y el dolor, y la asombrosa capacidad de renovación a través de la memoria.",https://ww3.lectulandia.com/book/la-isla-del-arbol-perdido/,Realismo,2026-09-05
Su turno,Alberto Laiseca,"Novela, Realista, Sátira",,"Un megalómano y un persecutor delirante, con aires de General Pathon; además, el cuidador de la morgue que llama cariñosamente a sus cadáveres «mis niños»; italianos en un país que desconocen, acechados por las tragedias mismas y la lucha por conseguir la «monarquía» absoluta en ese también llamado reino de los gánsteres. Por eso tal vez al abrir un libro como Su turno para morir, el lector no puede especular con el humor, la ferocidad y el ruido sollozante de las ametralladoras.",https://ww3.lectulandia.com/book/su-turno/,Realismo,2026-09-05
El ingenuo salvaje,David Storey,"Drama, Novela, Realista",,"Arthur Machin es hijo de un simple minero y no espera salir de la ciudad industrial inglesa en la que nació, un agujero de frustración y aburrimiento, pero su vida cambia cuando el equipo local de rugby lo ficha para la Liga Nacional. De la noche a la mañana, todo el mundo conoce su nombre y se codea con los hombres más poderosos de la zona. Sin embargo, Arthur no tarda en darse cuenta de que la popularidad no implica necesariamente la felicidad. Mientras va incomodando cada vez más a las clases altas, que no suelen admitir a nadie de origen humilde en sus selectos círculos, Machin trata de hallar cariño en la señora Hammond, su casera, y demostrarse a sí mismo que es algo más que una marioneta de la sociedad, incapaz de hacer nada salvo regodearse en su propia fama.",https://ww3.lectulandia.com/book/el-ingenuo-salvaje/,Realismo,2026-09-05
Natasha,David Bezmozgis,"Realista, Relato",,"Los relatos que componen este volumen nos presentan a la familia Bermans, un matrimonio judío y su hijo, que han dejado atrás su Rusia natal para empezar una vida en Toronto, la ciudad de sus sueños. Sus primeras experiencias con la nueva lengua, las nacientes posibilidades de negocio o el brote del sentimiento amoroso y sexual del menor son algunas de las historias en las que los Bermans viven el conflicto de la identidad, la religión y la cultura y que captan la experiencia del inmigrante con ingenio y hondura. El manejo de la ironía, la atinada evocación de la juventud, y la magnífica representación de la batalla por encontrar su lugar de esta apasionada familia ha convertido estos relatos en todo un acontecimiento para un autor que debuta en la literatura.",https://ww3.lectulandia.com/book/natasha-david-bezmozgis/,Realismo,2026-09-05
De mujeres con hombres,Richard Ford,"Realista, Relato",,"Un ejecutivo de la industria papelera viaja a París por motivos laborales y allí conoce a una mujer divorciada y con un hijo; atrapado entre la esposa que le espera en Chicago y su amante parisina, intenta ordenar su vida y evitar meterse en un callejón sin salida. Un muchacho de diecisiete años que vive con su padre en un pueblo de Montana recibe la visita de su tía, que lo va a llevar a Seattle para vivir con su madre; durante el viaje son testigos de un asesinato. Un profesor universitario al que acaban de traducir su primera novela al francés viaja a París con su amante, y allí intenta localizar a su traductora y evitar a unos insoportables amigos americanos que viven en la ciudad, mientras en la soledad de la habitación del hotel su antigua alumna y ahora amante, que ha sufrido un cáncer, piensa en suicidarse... Tres relatos largos, a caballo entre Estados Unidos y Europa, protagonizados por hombres que viajan, mantienen complicadas relaciones con el sexo opuesto y tratan de dar sentido a sus vidas. Este libro sobre la búsqueda del amor y las incertidumbres de la pasión es una nueva demostración del sólido talento narrativo de Richard Ford que, después de su galardonada y aplaudida novela 'El Día de la Independencia', regresa al formato breve con tres narraciones excepcionales.",https://ww3.lectulandia.com/book/de-mujeres-con-hombres/,Realismo,2026-09-05
Caracas muerde,Héctor Torres,"Crónica, Novela, Realista",,"El crecimiento imparable de los índices de criminalidad en Caracas, la sitúa en la cabeza de uno de los ranking más despreciables que existen: es una de las diez ciudades más violentas del planeta. Pero más allá del cómputo estadístico, herramienta esencial para comprender la magnitud del problema, la violencia adquiere representaciones emocionales concretas en la vida de quienes la padecen y que dan verdadera cuenta de la profundidad de una herida social, que lejos de curarse, cada día sangra más. Héctor Torres se ha dado la tarea de individualizar las historias que conforman ese magma brutal de alteraciones que se producen cuando la violencia se adhiere a la marcha vital de una ciudad, forzando a quienes la habitamos al confinamiento. El autor ha reunido en este volumen treinta crónicas tomadas de las calles caraqueñas, cuyos personajes, tan reales como usted, han tenido que resignarse ante la posibilidad de la muerte, han recibido los atropellos más humillantes del hampa, han sido saqueados, amenazados, ofendidos y golpeados… Pero también se han tropezado, en ocasiones, con unas rendijas por donde se filtra la esperanza de redención, evidencia de una reserva moral que, eventualmente, nos permitirá erradicar el miedo, ese compuesto invisible que ha transmutado en abuso, arbitrariedad, indolencia, desconfianza y odio.",https://ww3.lectulandia.com/book/caracas-muerde/,Realismo,2026-09-05
Lazarillo de Tormes (ed. Francisco Rico),Anónimo,"Novela, Realista, Sátira",,"Cuando se publicó por primera vez, el Lazarillo no se presentaba como una obra de imaginación, sino como si fuera el relato auténtico de un real Lázaro de Tormes (por eso no podía llevar otra firma que el nombre del protagonista). Con tal mistificación creaba un tipo de ficción hasta entonces desconocido y se constituía en principio absoluto de la novela moderna. Además de estudiar ese aspecto fundamental histórica y literariamente, la nueva edición de Francisco Rico reexamina los grandes problemas del Lazarillo a la luz de nuevos materiales e investigaciones; ofrece el texto más fiel a la voluntad del autor; y, a través de una anotación exhaustiva, sitúa la novela en el contexto de la vida y la literatura de la época, resolviendo una por una todas las dudas que la lectura puede suscitar.",https://ww3.lectulandia.com/book/lazarillo-de-tormes-ed-francisco-rico/,Realismo,2026-09-05
Las Muñecas de la Corona,Ibéyise Pacheco,"Intriga, Novela, Psicológico, Realista",,"Las muñecas de la corona, escrita desde el exilio, es una narración cargada de suspenso en medio de escándalos e ilegalidades que exponen un período de casi dos décadas en Venezuela y en la que es difícil precisar la diferencia entre la realidad y la ficción. La detención en Miami de un estilista que trabaja con mujeres al servicio de una red de corrupción, despliega una serie de crímenes cometidos por una élite que destruye la moral de una sociedad y transforma lo hermoso en miserable. Las muñecas de la corona es un thriller apasionante donde el sexo y el delito transitan en un mundo cargado de esnobismo, con gobernantes perversos que actúan con impunidad desde el poder. Al leer la primera página no podrá soltarlo.",https://ww3.lectulandia.com/book/las-munecas-de-la-corona/,Realismo,2026-09-05
Comida familiar,Bryan Washington,"Novela, Realista",,"Una novela sobre la familia no convencional. Cam, afroamericano, y TJ, de origen coreano, se reencuentran tras años sin verse. Fueron inseparables de niños, y juntos descubrieron su homosexualidad. Los padres de TJ, dueños de una panadería, acogieron a Cam como a uno más de la familia. Después la vida separó a los dos amigos, y cada uno de ellos ha pasado por experiencias dolorosas. Cam perdió a su pareja, Kai, que se le sigue apareciendo como una presencia fantasmal, y TJ perdió a su padre en un accidente. Ambos arrastran otros pesares íntimos que el reencuentro les permitirá afrontar... De fondo, la ciudad tejana de Houston, en pleno cambio por la gentrificación acelerada de algunos barrios, como el que acoge la panadería de la familia de TJ. Después del triunfo de Memorial , regresa Bryan Washington con las mismas virtudes que lo impulsaron como escritor: su tono intimista, sus personajes en busca de amor, amistad y segundas oportunidades y su capacidad para explorar las emociones, flaquezas y esperanzas humanas. En esta segunda novela vuelve a indagar con sutileza, profundidad y pinceladas de humor en temas como la raza, la identidad sexual, el deseo y la familia, o lo que podemos entender como familia en un sentido amplio, protector, acogedor.",https://ww3.lectulandia.com/book/comida-familiar/,Realismo,2026-09-05
Albión,Anna Hope,"Novela, Realista",,"Una saga familiar adictiva sobre la herencia, el privilegio de clase y la responsabilidad que ello conlleva en un mundo cambiante La familia Brooke se reúne durante cuatro días en su mansión inglesa del siglo XVIII para despedir a Philip, el patriarca en torno al cual han orbitado sus vidas. Frannie, la hija mayor y heredera, quiere transformar la propiedad en un refugio natural frente a un mundo en declive. Milo, en cambio, sueña con convertirla en un paraíso new age para superricos, mientras que Isa, la hermana menor, distanciada de Philip durante años, acude al funeral en plena crisis de pareja. Los secretos y sentimientos que afloran esos días les harán replantearse el papel que hasta ese momento han ocupado en la familia. Albión es una novela luminosa y profundamente contemporánea que indaga en las dinámicas familiares y en las heridas del colonialismo; en ella Anna Hope renueva la clásica novela de casa de campo inglesa y nos habla también de las raíces del privilegio, de la responsabilidad que este conlleva y de la importancia de los valores que transmitimos a nuestros hijos.",https://ww3.lectulandia.com/book/albion/,Realismo,2026-09-05
Mal comportamiento,Mary Gaitskill,"Realista, Relato",,"Hace treinta y cinco años, Mary Gaitskill debutaba como escritora en la escena literaria con un libro de relatos punzante y divertido, cargado de erotismo, que cosechó rápidamente las alabanzas de la crítica. El libro en cuestión era Mal comportamiento, la opera prima que catapultó a la autora como una de las voces más prometedoras del momento por su asombrosa capacidad de retratar la perversión sexual entre los seres humanos. En esta colección de nueve relatos, hallamos las vidas de hombres y mujeres que se entrecruzan en la crueldad y la intimidad más profundas para hablarnos de la adicción a las drogas, del trabajo sexual, de la curiosidad y de la desesperación. La única forma de aplacar su soledad es mediante encuentros sexuales de todo tipo: secretarias que se someten a juegos masoquistas con sus jefes, veterinarios insatisfechos que se enamoran de intelectuales que ejercen la prostitución... Con un tono despiadado, los personajes asumen sus contradicciones para explorar el deseo hasta sus últimas consecuencias. Sin pedir perdón y sin pedir permiso. Con una fuerza arrolladora, Mal comportamiento nos impulsa a abandonar nuestros prejuicios con una obra pionera en reflejar la voluntad sexual femenina en literatura.",https://ww3.lectulandia.com/book/mal-comportamiento/,Realismo,2026-09-05
Una hora mala la tiene cualquiera…,Antonio de Hoyos y Vinent,"Novela, Realista",,"La novela narra de forma cínica y con un toque de humor negro las peripecias y deslices morales de distintos personajes. A través de una prosa esteticista y cargada de ironía, el autor expone cómo las flaquezas humanas, la tentación de la carne y los impulsos rompen la estricta fachada de respetabilidad en un momento de debilidad involuntaria, justificando de manera mundana que, en el fondo, «una hora mala la tiene cualquiera».",https://ww3.lectulandia.com/book/una-hora-mala-la-tiene-cualquiera/,Realismo,2026-09-05
Las jefas,Esther García Llovet,"Novela, Realista",Trilogía Países del Este,"Villajoyosa, provincia de Alicante. En el corazón de una jungla de vegetación importada del sudeste asiático se alza el Zen Gardens, un lujoso resort excesivo y decadente. La temporada alta ha terminado y ahora sus villas de pega y jardines de cartón piedra tan solo acogen a unos pocos huéspedes, clientes que ya casi los han hecho su residencia habitual. Entre ellos se encuentran Romana Romano y las hermanas Gran y Petit Navarro —herederas profesionales y sableadoras vocacionales—, quienes llevan seis semanas sin poner un pie fuera del complejo. No trabajan, no hacen planes, y su rutina se reduce a jugar al mus, languidecer junto a la piscina y apurar cócteles raros. Mientras, el Primo, chico para todo del hotel, también está atrapado en su propio bucle, deseando largarse de allí, pero sin tener los medios para hacerlo. Su vida y las de las chicas están a punto de colisionar. Y es que el Zen Gardens es casi una suerte de Hotel Overlook hortera y pegajoso, poblado por personajes estrambóticos que se mueven como fantasmas. Todo el mundo parece querer irse, pero nadie parece saber cómo hacerlo. Las jefas es un relato de quietudes inquietantes y ambientes viciados; una novela que rezuma ennui vacacional y lujo deportivo y en la que cierta sordidez asoma bajo los churretones de un maquillaje derretido por el sol del Levante. Una nueva muestra de la voz singular, fresca e irónica de Esther García Llovet, que vuelve a construir un universo de tintes cañís, oníricos e hiperrealistas con el que cierra su alucinada Trilogía de los países del Este tras las novelas de culto Spanish Beauty y Los guapos .",https://ww3.lectulandia.com/book/las-jefas/,Realismo,2026-09-05
Un deseo para Sofía,Pilar Mayo,"Novela, Realista",,"Una historia familiar de grietas y silencios. Un deseo de volver a conectar. Tras la muerte de su padre, la madre de Sofía decide desvelar el secreto que durante tantos años ha ocultado: tiene otra hija fruto de una aventura con un hombre de su pasado. Arrastrada por el deseo de su madre de conocerla antes de morir, Sofía se ve obligada a buscarla y mudarse a la casa de esta desconocida que al parecer es su hermana. Este nuevo espacio obligará a afrontar los problemas hasta ahora ignorados, y las grietas que estaban ocultas no tardarán en aparecer.",https://ww3.lectulandia.com/book/un-deseo-para-sofia/,Realismo,2026-09-05
Mamá está dormida,Máximo Huerta,"Drama, Novela, Realista",,"Una madre, un hijo y una revelación inesperada. A veces, el viaje más largo es hacia tu interior . Cuando Aurora comienza a perder la memoria le pregunta a su hijo: «Y tu hermano, ¿dónde está?». Una frase que podría ser cotidiana y trivial si no fuera porque ese hijo, de cincuenta y tres años, siempre había creído que era el único. ¿Será cierto o se trata de una alucinación? ¿Cómo podría cambiarle esto la vida? ¿Pesan más los recuerdos borrosos de su madre o las certezas que afloran entre las grietas de sus discusiones? Para descifrar la verdad, ambos iniciarán un viaje en autocaravana junto con su vieja perrita hasta Vera de Bidasoa, un pueblo entre montañas donde Aurora vivió de joven al abrigo de la dura y siniestra Sección Femenina. Máximo Huerta firma una novela conmovedora para hablarnos de lo que callamos, de lo que olvidamos… y de lo que nunca se borra del todo.",https://ww3.lectulandia.com/book/mama-esta-dormida/,Realismo,2026-09-05
Cerillas Garibaldi,Julià Guillamon,"Realista, Relato",,"Las cerillas Garibaldi —también llamadas saltapericos, triquitraques o mixtos— eran unas tiras de cartón con gotas de explosivo que niños y niñas hacían estallar al arrastrarlas por las fachadas y bancos de piedra. Contenían fósforo blanco y algunos críos se envenenaron con ellas. Los cuentos cortos de Julià Guillamon son como aquellas cerillas Garibaldi: pequeñas historias que, fregadas sobre la superficie áspera de la realidad, producen chispazos de imaginación, humor y crítica. La IA, el fast deco , los cables que se embarullan en un cajón sin que nadie los toque, las rebanadas de pan de molde que nunca se pasan, el arte comprometido y los videojuegos: triqui-trac, trac, trac, trac.",https://ww3.lectulandia.com/book/cerillas-garibaldi/,Realismo,2026-09-05
Los padres pródigos,Sinclair Lewis,"Novela, Realista",,Esta novela es una inversión de la parábola del hijo pródigo.,https://ww3.lectulandia.com/book/los-padres-prodigos/,Realismo,2026-09-05
El mestizo José Vargas,Guillermo Meneses,"Novela, Otros, Realista",,"La vida de un joven nacido de los lances sexuales de un blanco cacique pueblerino y una negra. Conflictos entre la cultura del barracón y la de la gran casa, enredos amorosos, incomprensiones paternas. “El mestizo José Vargas” se articula retrospectivamente, en zigzag, hacia los orígenes étnicos de la sociedad venezolana… El autor explora los indicios de una compleja naturaleza dual. El mestizo. La hibridación se compacta en él con detalles definidores. Criatura residual de ambigua configuración, asimila divergencias materiales y psíquicas en constante anhelo por reafirmar un sólido yo.",https://ww3.lectulandia.com/book/el-mestizo-jose-vargas/,Realismo,2026-09-05
Crónica de San Gabriel,Julio Ramón Ribeyro,"Drama, Juvenil, Novela, Realista, Romántico",,"Crónica de San Gabriel representa una nueva instancia en la ruptura del esquema puramente regionalista —ruptura iniciada por Ciro Alegría y José María Arguedas—, y se propone como una indagación de la interioridad de los personajes. La obra se desarrolla según el relato de Lucho, un adolescente capitalino, cuyo itinerario comienza en Lima, sigue por la costa hasta Trujillo y se interna luego en la sierra, para llegar a la hacienda familiar. La aparente placidez de la vida campesina, el mito de la naturaleza y de los hombres bondadosos se destruye para el personaje narrador a medida que descubre un mundo subterráneo, oscuro, de grandes tensiones pasionales, cuya realidad profunda, violenta y compleja, entrega a través de una exposición objetiva y tersa, que agudiza los contrastes y confiere su dimensión verdadera al análisis de formas de vida y de relaciones humanas conflictivas.",https://ww3.lectulandia.com/book/cronica-de-san-gabriel/,Realismo,2026-09-05
En la carrera,Felipe Trigo,"Novela, Realista",,"Esteban es un joven que se traslada a Madrid para cursar la carrera de medicina, encontrando en la capital un lugar lleno de diversiones que lo alejan de su propósito. En la obra descubrimos una historia que relata los primeros pasos de un joven frente a las mujeres, el trabajo y la amistad.",https://ww3.lectulandia.com/book/en-la-carrera/,Realismo,2026-09-05
El Pantano del Diablo,George Sand,"Novela, Realista",,"Germain, un joven labrador viudo y padre de tres hijos, lleva una vida austera en casa de sus suegros. Ante la insistencia de estos, accede con desgana a cortejar a una viuda en un pueblo cercano. En su viaje lleva consigo a Marie, la joven hija de una vecina, con la misión de dejarla en una granja en el camino. Al caer la noche, la niebla envuelve el paraje y, tras un encuentro inesperado con su hijito Pierre, que lo ha seguido en secreto, se pierden los tres en una landa pantanosa. Obligados a pernoctar en el bosque, el frío y el hambre los acechan. Sin embargo, Marie, con temple y sensatez, alivia las penurias. Germain, maravillado por su valentía y dulzura, siente despertar en su corazón un amor inesperado, sin que la diferencia de edad sea un obstáculo a la admiración y la ternura que ella le inspira. Novela «campestre» escrita en 1846, El Pantano del Diablo fue un éxito inmediato desde su publicación y sigue siendo una de las novelas más conocidas de la autora. La obra ha sido adaptada en varias ocasiones al teatro, al cine y a la televisión.",https://ww3.lectulandia.com/book/el-pantano-del-diablo/,Realismo,2026-09-05
"El café frío, la cerveza caliente",Paola Roig,"Novela, Realista",,"Mariona tiene todo lo que siempre había querido: dos hijos, un piso en un barrio tranquilo, un perro y un trabajo estable. Pero debajo de esa fachada hay una mujer agotada, perdida y profundamente insatisfecha. Echa de menos a su marido, se echa de menos a sí misma, echa de menos la vida de antes, la cerveza fría y el café caliente. ¿Qué sucede cuando la vida con la que siempre habías soñado no es lo que esperabas? ¿Cuando escucharte de verdad significaría romper con todo lo que creías hasta ahora?",https://ww3.lectulandia.com/book/el-cafe-frio-la-cerveza-caliente/,Realismo,2026-09-05
Adversarios admirables,Olga Guirao,"Novela, Realista",,"Simón de Sales y Teresa Pascual, un matrimonio de mediana edad que va a ser desahuciado de su casa, repasan alternativamente, en el transcurso de un relato apasionante, los acontecimientos de su vida en común. El deseo, el amor, la propia identidad, la fidelidad sexual, son examinados desde esa doble perspectiva hombre-mujer que da cuenta de una larga guerra y, al propio tiempo, compone un lúcido perfil de lo femenino y lo masculino. No obstante, entre la voz de ella y la de él, queda siempre un espacio ambiguo, una tierra de nadie que constituye el auténtico tejido moral de la novela. El ritmo trepidante de la historia, su naturalidad, nutren una trama muy sutil y compleja que va mucho más allá de la consabida guerra entre los sexos: aunque la lucha sea feroz, los contendientes -adversarios admirables al fin y al cabo- avanzan paso a paso, espalda contra espalda, hacia una visión, necesariamente amarga, del amor adulto. La prosa elegante, articulada sobre una cadencia sonora que, lejos de interferir el ritmo y la tensión dramática, los intensifica, el trazo impresionista y la asombrosa potencia narrativa de la autora mantienen en todo momento aquella rara intensidad que ya ardía en Mi querido Sebastián , su primera novela, y que fue resaltada por la crítica de forma unánime. Adversarios admirables consolida una propuesta literaria que, en la mejor tradición de la novela, tiene la fuerza de seducir y divertir al lector, mientras le arrastra hacia una exploración sentimental de sí mismo.",https://ww3.lectulandia.com/book/adversarios-admirables/,Realismo,2026-09-05
Cachemir rojo,Christiana Moreau,"Novela, Realista",,"En el caleidoscopio de colores del mercado de Ordos, en China, hay uno que destaca por encima de todos. Es el rojo brillante y puro de un jersey de cachemir. Bolormaa lo ha tejido con la última lana de su rebaño, antes de que el verano excesivamente caluroso y el invierno excepcionalmente duro lo exterminaran y obligaran a su familia a abandonar la vida nómada en las montañas. Muy a su pesar, Bolormaa se lo vende a Alessandra, una mujer italiana que le paga una pequeña fortuna por él y le deja su tarjeta de visita junto con la promesa de un trabajo en Italia. Es un encuentro fugaz, pero su recuerdo permanece grabado en la mente de Bolormaa y alimenta el sueño de una vida mejor.",https://ww3.lectulandia.com/book/cachemir-rojo/,Realismo,2026-09-05
Madelaine antes del alba,Sandrine Collette,"Novela, Realista",,"La pequeña aldea de Les Montées es como un país en sí mismo para sus habitantes: las gemelas Ambre y Aelis, Eugène y Léon y la anciana Rose. En ese cerro aislado la existencia nunca ha sido fácil. Los inviernos son crudos y se pasa hambre. Las familias trabajan una tierra miserable que ni siquiera les pertenece y soportan la injusticia con los dientes apretados. Así ha sido siempre. Hasta el día en que aparece Madelaine. Una niña hambrienta y salvaje, surgida de los bosques. Apasionada, valiente e inquieta, Madelaine los deslumbrará a todos y alterará sus vidas. Hermosa y áspera, de escritura deslumbrante, Madelaine antes del alba cuenta una historia atemporal que cuestiona el orden ancestral de las cosas y explora el instinto de rebelión desde el personaje de una niña. Sandrine Collette firma una novela ambiciosa que es una oda a los lazos familiares y, ante todo, a lo salvaje.",https://ww3.lectulandia.com/book/madelaine-antes-del-alba/,Realismo,2026-09-05
Judas en flor y otros cuentos,Katherine Anne Porter,"Realista, Relato",,"Como señalaba Robert Penn Warren, muchos de los cuentos de Katherine Anne Porter permanecen todavía insuperados en la narrativa moderna. Judas en flor recoge doce de esos relatos, auténticas obras maestras. «María Concepción» es el estudio modélico de una obsesión, desarrollada en el punto de contraste entre los valores de la civilización y los impulsos naturales; el relato que da título al volumen narra la incapacidad de Laura para el amor y cómo se ve abocada a una traición cuya magnitud sólo comprenderá a través de un sueño simbólico; en «Hacienda» se enfrentan tres visiones del mundo al confluir, en una posesión de México, su amo de costumbres feudales, la narradora americana y un grupo de cineastas soviéticos; «Magia» nos presenta, tras la recreación de la vida en un burdel, la estremecedora decisión de Ninette; «Robo» transforma la momentánea sustracción de un bolso en símbolo de la desolación de una mujer... Todos los relatos nacen de un riguroso equilibrio argumental que se extiende sutilmente bajo la superficie de lo que acontece. Pero la enorme fuerza de K. A. Porter no depende sólo de la voz narradora o de la exhibición del interior de los personajes. Por el contrario, es el registro objetivo de situaciones y actos lo que da lugar a la revelación emocional, a la epifanía, en la conciencia del lector. Desde la desconcertante tensión entre aislamiento, esperanza, coraje y desamor, K. A. Porter desnuda e invierte los rasgos principales de la experiencia humana, convencida de que el mundo, la vida, es un enemigo bienamado.",https://ww3.lectulandia.com/book/judas-en-flor-y-otros-cuentos/,Realismo,2026-09-05
Los amantes de la noche,Mieko Kawakami,"Drama, Novela, Realista",,"Una historia conmovedora y perspicaz que parte del Tokio contemporáneo para hablar del amor, la soledad, la amistad, el asfixiante mundo laboral y la dificultad creciente para alcanzar la realización personal . Fuyuko Irie es una correctora de pruebas freelance de treinta y tantos años. Vive sola y es incapaz de entablar relaciones significativas, por lo que apenas tiene contacto con nadie más que con Hijiri, su editora. Cuando ve su reflejo, se encuentra con una mujer cansada y sin espíritu que no ha sabido tomar las riendas de su propia vida. Su única fuente de consuelo: la luz. Cada Nochebuena, Fuyuko sale a vislumbrar las luces que llenan la noche de Tokio. Pero es un encuentro fortuito con un hombre llamado Mitsutsuka lo que despierta algo nuevo en ella. Y su vida empieza a cambiar. Sin embargo, a medida que ese cambio —tan largamente postergado— comienza a suceder, dolorosos episodios del pasado de Fuyuko salen a la superficie, y su comportamiento empieza a desbordarse cada vez más. Una novela aguda y lúcida, entretenida y conmovedora; hará reír al lector, también lo hará llorar, pero, como solo los mejores libros logran, le recordará que a veces el dolor vale la pena .",https://ww3.lectulandia.com/book/los-amantes-de-la-noche/,Realismo,2026-09-05
Arne,Bjørnstjerne Bjørnson,"Novela, Realista",,"Arne es una novela extraordinaria. Narra la historia de un adolescente que se crio en los grandes bosques de las montañas noruegas. Aprendiendo los secretos de la Naturaleza, vivió también épocas de desventura familiar. Bjørnson, premio Nobel en 1903, fue uno de los campeones de la independencia de Noruega, y su actividad como orador, polemista y político no le impidió escribir grandes novelas como «Arne», que se publica por primera vez en español. Con un estilo conciso y fluido, sabe recrear poéticamente las costumbres del campo y se inspira a menudo en las sagas, grandes poemas de los orígenes de la literatura escandinava. Ilustrada por Víctor Pallarés.",https://ww3.lectulandia.com/book/arne/,Realismo,2026-09-05
Al margen del alfabeto,Janet Frame,"Drama, Novela, Realista",,"Este libro narra la ejemplar historia de Toby Withers y Zoo Bryce, compañeros al margen del alfabeto, esa extraña e incomunicable región de la mente, amurallada por el silencio y llena da sueños. Toby y Zoé se encuentran en el barco que los lleva a Inglaterra. Pat Keenan, conductor de autobús, apasionadamente vulgar, forma el vértice del triángulo. Toby sueña en su madre muerta y en el libro que, un día, escribirá. Zoé cavila en su primer beso y en su incapacidad de conformarse. Pat, atraído hacia ellos por una fuerza opuesta, trata de ordenar sus vidas y apresarlas en la órbita de su propia sencillez. Pero la extraña pareja elude todos sus esfuerzos. Al margen del alfabeto es una novela llena de ternura, y está escrita con tanta gracia y poesía que absorbe totalmente el interés del lector.",https://ww3.lectulandia.com/book/al-margen-del-alfabeto/,Realismo,2026-09-05
Adiós al séptimo de línea IV: Los batallones olvidados,Jorge Inostrosa Cuevas,"Histórico, Novela, Realista",Adiós al Séptimo de Línea,"«Los batallones olvidados» es el cuarto tomo de la épica novela histórica de Jorge Inostrosa, ambientada en la Guerra del Pacífico. En este volumen se narra la campaña de la Sierra, donde un grupo de batallones chilenos queda rezagado en la zona montañosa para combatir la resistencia peruana, convirtiéndose en «Los batallones olvidados».",https://ww3.lectulandia.com/book/adios-al-septimo-de-linea-iv-los-batallones-olvidados/,Realismo,2026-09-05
La celada,Antonio de Hoyos y Vinent,"Novela, Realista",,"La novela explora los bajos fondos, la perversión, el erotismo y la fatalidad, elementos centrales del estilo del autor, «maldito» y aristocrático.",https://ww3.lectulandia.com/book/la-celada/,Realismo,2026-09-05
Camino a campo abierto,Arthur Schnitzler,"Novela, Realista",,"El barón Georg von Wergenthin es un joven compositor aristócrata al que le gusta disfrutar de los placeres y la belleza que le ofrece una vida carente de obligaciones y responsabilidades. Su día a día transcurre entre los salones de la alta sociedad austriaca y los círculos artísticos que se dan cita en los cafés vieneses, aunque ciertos acontecimientos le obligarán a replantearse su existencia. «Revolucionario sin coraje, aventurero sin capacidad para soportar las incomodidades, artista nada hacendoso, me conozco a mí mismo, pero no tengo tendencia a mejorar…». Esas palabras que Schnitzler escribe en su diario para describirse a sí mismo, bien valen para su maltrecho y diletante héroe. Escrita en 1908, Camino a campo abierto es la novela más ambiciosa de su autor. Más allá de la historia del protagonista, la novela es sobre todo un gran fresco de la sociedad europea de su tiempo, una obra que anuncia proféticamente el final de un orden, de toda una cultura, y la llegada de tiempos algo más que inquietantes. «Tengo la impresión de que usted ha aprendido mediante la intuición todo lo que yo he tenido que arrancar laboriosamente a muchas personas», Sigmund Freud (fragmento de una carta a Schnitzler).",https://ww3.lectulandia.com/book/camino-a-campo-abierto/,Realismo,2026-09-05
Las mujeres que fuimos,Mayka Jiménez,"Novela, Realista",,"Madrid, 2021. Paula siente una profunda tristeza al ver cómo el alzhéimer de su madre avanza a pasos agigantados. Durante años, su relación ha estado marcada por muchos altibajos, por lo que se le despiertan emociones contradictorias cuando se da cuenta de que la brillante doctora Amaia Clemente ya no reconoce a la gran mujer que fue. El olvido se ha llevado para siempre su amor y sus recuerdos. Barcelona, 1990. Adriana acaba de llegar a la ciudad para estudiar Medicina. Cargada de ilusión, comienza una etapa de nuevas amistades, experiencias apasionantes y romances fugaces. Sin embargo, sus sueños se quiebran cuando se ve obligada a tomar la decisión más difícil de su vida. Un retrato generacional escrito desde la madurez que reflexiona sobre el amor, los deseos y la nostalgia. Nunca es fácil enfrentarse al pasado, pero a veces necesitamos recordar a las mujeres que fuimos para entender quiénes somos.",https://ww3.lectulandia.com/book/las-mujeres-que-fuimos/,Realismo,2026-09-05
Morir en la arena,Leonardo Padura,"Drama, Histórico, Novela, Realista",Mario Conde,"La vida de Rodolfo siempre ha estado marcada por el trauma de la guerra de Angola, pero sobre todo por el asesinato de su padre a manos de su hermano Geni, apodado Caballo Loco. Ahora, recién jubilado, Rodolfo se encuentra con que recobra la intimidad inesperada de su cuñada Nora, viejo amor de juventud, pero también con una noticia inquietante: van a excarcelar a su hermano parricida, aquejado de una enfermedad incurable, y no tiene otro destino que la casa familiar. En esa tensa espera, y durante poco más de una semana, se reavivarán viejos rencores, secretos familiares que creían enterrados, y en especial los detalles del sangriento asesinato que cambió la vida de todos en la familia. Solo la llegada de la hija de Rodolfo, y la intervención de un joven triunfador en una Habana desahuciada, darán el último y desesperado apoyo a Rodolfo. Un relato dramático, una novela magistral, que cuenta cincuenta años de historia de un país, en la que el personaje de Mario Conde solo tiene una aparición anecdótica. Ma",https://ww3.lectulandia.com/book/morir-en-la-arena/,Realismo,2026-09-05
Búscame,Gregorio Casamayor,"Novela, Realista",,"Una mañana lluviosa, el fotógrafo Paul Knobel encuentra un diario íntimo en una parada de taxis de Brooklyn. Mientras lo examina, el cuaderno se abre por azar en la entrada del 5 de julio, donde puede leerse una enigmática frase que traslada a Paul al último verano que pasó con su madre en Cape Cod. Acaso por esta coincidencia, el fotógrafo se pone en marcha para devolver el diario a su legítima propietaria, aunque ello le suponga enfrentarse a sus propios fantasmas. Gregorio Casamayor construye en Búscame un relato coral que nos permitirá adentrarnos en la vida de Paul Knobel, en la de su ayudante, Rufus, en la de la autora del diario, Gloria Graham, y en la de su hija, así como en la del resto de personajes que conforman su universo. Una novela de tintes detectivescos que se revela como un relato certero sobre la identidad, los vínculos afectivos y las segundas oportunidades que nos brinda el azar.",https://ww3.lectulandia.com/book/buscame/,Realismo,2026-09-05
Animales domésticos,Alejandra Costamagna,"Realista, Relato",,"Como silenciosos espectadores de las vicisitudes de la vida cotidiana aparecen los animales domésticos que pueblan este magnífico conjunto de relatos. Se asoman para observar cómo a su alrededor las parejas, las familias, padres e hijos se relacionan ante hechos que los ponen a un paso de la felicidad o la desdicha. Una mujer tiene que decidir si se opera de una enfermedad grave o en definitiva no lo hace. Una pareja en crisis acude de madrugada a una clínica para salvar a un gato. Un hombre solitario encuentra a un perro y no está seguro de si desea devolverlo. Una amante persigue a quien la ha abandonado hasta el otro lado del mundo. Con delicadeza, como si dibujara sobre un papel transparente, Alejandra Costamagna perfila mundos donde el lector se acercará a la extrañeza y la fugacidad de la vida.",https://ww3.lectulandia.com/book/animales-domesticos-alejandra-costamagna/,Realismo,2026-09-05
Las alumnas,Paula Carballeira,"Otros, Realista, Teatro",,"En 1970, las compañeras de clase Elvira Fontao y Rosa Lires han vuelto a encontrarse. Han pasado décadas desde los años en que compartieron escuela. Ahora, mujeres adultas, este encuentro les ha servido para olvidar por unas horas el mundo en blanco y negro en el que viven. Pero la reunión tiene una desafortunada causa: el entierro de la que fue su maestra, María Barbeito. Elvira y Rosa recuperarán un diálogo perdido que evocará, a través de la palabra y el juego, aquella escuela de la Segunda República que les abrió los ojos a un mundo libre. Un futuro que quedó sesgado por la guerra y por la dictadura franquista. Las alumnas es un ejercicio entre el arte dramático y el documento histórico, una reivindicación de la escuela laica, libre y transformadora de la Segunda República que reconoce el trabajo de aquellas maestras que lucharon por una educación moderna e igualitaria. La literatura dramática de Paula Carballeira evoca el objetivo del espíritu teatral: el de no olvidar, el de recordar y traer el pasado al presente.",https://ww3.lectulandia.com/book/las-alumnas/,Realismo,2026-09-05
El oro de la piel,Constantin Virgil Gheorghiu,"Novela, Realista",,El oro de la piel es una novela ambientada en los años 50 que aborda la instrumentalización de las tensiones raciales y sociales por parte de las potencias políticas. La trama explora cómo la URSS utiliza el sufrimiento de las minorías como propaganda en la Guerra Fría. La obra profundiza en las luchas geopolíticas tras los movimientos de descolonización y aborda la explotación de la desesperación humana y la búsqueda de esperanza en un mundo dividido.,https://ww3.lectulandia.com/book/el-oro-de-la-piel/,Realismo,2026-09-05
Camino de sirga,Jesús Moncada,"Drama, Novela, Realista",,"“Camino de sirga”, primera novela de Jesús Moncada, está considerada desde su publicación en 1988 como una de las obras cumbre de la literatura catalana del siglo XX, lo que le ha valido desde entonces un gran éxito entre los lectores y la crítica y los más prestigiosos galardones. Planteada como un magistral fresco narrativo, en Camino de sirga confluyen la realidad y el mito, la ironía y la ternura, la nostalgia y el ímpetu literario. La novela evoca la desaparición de Mequinensa, un pueblo en el enclave del Ebro y del Segre, que en tiempos fue el centro de una importante cuenca minera y de un intenso tráfico fluvial, y que se ve condenado a quedar sumergido bajo las aguas de un pantano. A través de las vivencias de un sinfín de personajes —navegantes, cupleteras, cafeteros, mineros y burgueses— cuyos recuerdos se entrecruzan, el autor rememora el último siglo de vida de la población de la villa.",https://ww3.lectulandia.com/book/camino-de-sirga/,Realismo,2026-09-05
El sueño de una cosa,Pier Paolo Pasolini,"Novela, Realista",,"Escrita en 1950, El sueño de una cosa es la primera novela de Pier Paolo Pasolini. Pero ¿qué implica primera novela en Pasolini? Significa que en El sueño de una cosa se encuentran el estilo y los temas que definen su obra: la condición urbana de una juventud que busca su lugar en el mundo, la vida cotidiana hecha de desempleo y cierto resentimiento, los choques con la policía, el futuro como algo lejano y a la vez al alcance de la mano. Pasolini es uno de esos autores cuya primera novela es ya una obra de madurez.",https://ww3.lectulandia.com/book/el-sueno-de-una-cosa/,Realismo,2026-09-05
El pozo de los monos,Juan Antonio Usero,"Novela, Realista",,"Juan Antonio Usero señala con trazo duro los sentimientos contradictorios de unos individuos que no sienten ninguna fortaleza moral ante el difícil mundo que los rodea, y queda magistralmente reflejado en El pozo de los monos . Cinco personajes sobresalen en las páginas de esta novela de corte realista, duro: Dionisio Yuba, el protagonista, que nos cuenta la acción en primera persona. A través de él entrevemos un mundo oculto, el mundo de una familia del subsuelo. Santos Yuba, el padre, hombre desnaturalizado, intransigente, egoísta de su independencia, irreflexivo, arrastrado por un estilo de vida que sólo reconoce el ambiente que le proporcionan los nocturnos de la ciudad. Amadeo, hermano de Dionisio, que muere muy joven, abandonado, sin apenas amor de nadie, después de haber gastado tempranamente su tiempo, incapaz de orientarse por sí solo en la lucha con el mundo. Lucas, hermano de los anteriores, muchacho de extraordinaria belleza física, bailarín y botarate, que se sitúa económicamente y es uno de esos clásicos productos que, adorando su propio narcisismo, el culto a la imagen tan en boga, acaba militando en un partido de hombres nefastos. Julia, la joven campesina repudiada por su marido, que llega a la ciudad después de haber vivido una violenta tragedia rural y camina desorientada hasta que cae ingenuamente en el seno de esta familia de los Yuba. Julia es el acicate, el instrumento mediador entre las dos potencias antagónicas del hombre, visión serena y recóndita de la existencia que influye de un modo provechoso en estos atónitos cerebros de mono.",https://ww3.lectulandia.com/book/el-pozo-de-los-monos/,Realismo,2026-09-05
Luz de luna en Odessa,Janet Skeslien Charles,"Novela, Realista",,"Daria tiene 23 años, un título en ingeniería y un perfecto dominio del idioma inglés. Pero en Odessa, Ucrania, esto no es suficiente para mantener un buen trabajo, por lo que se ve obligada a desempeñarse como traductora en una agencia matrimonial por internet (Uniones Soviéticas MR), en la que solitarios estadounidenses buscan a las desesperadas mujeres de Odessa. Finalmente, cuando uno de ellos le promete una nueva vida, ella deberá decidir entre el amor por su tierra (y por Vlad, un atractivo mafioso local) y la promesa de un futuro mejor en otro continente, junto a Tristan, un profesor que la dobla en edad. Optando por la seguridad que le ofrece Estados Unidos -su imaginaria tierra prometida-, Daria parte hacia su nueva vida. A pesar de que el país le encanta, no todo es como había fantaseado: muchas personas son bastante ignorantes, incluido su flamante marido. En una nación lejana y dentro de un matrimonio bastante poco estable, la joven se pregunta hasta dónde está dispuesta a llegar para lograr el tan ansiado sueño americano. Luz de luna en Odessa explora, con un humor negrísimo no exento de ternura, el mundo de las «novias por correspondencia» que prospera en Europa del Este y de los hombres que las financian.",https://ww3.lectulandia.com/book/luz-de-luna-en-odessa/,Realismo,2026-09-05
Peripecias,Maria Barbal,"Drama, Novela, Realista",,"Anton Bellart, un joven escritor que ha tenido éxito con su primer libro, una recopilación de cuentos, entra en una espiral personal y profesional mientras intenta abrirse camino en el mundo literario. Empujado por un editor ambiciosamente práctico, Anton se embarca en la creación de una novela, y mientras la escribe se casa y tiene un hijo, pero su matrimonio fracasa cuando Alícia, su esposa, se ve reflejada en uno de los personajes. Sus relaciones personales y profesionales se convierten en un laberinto, especialmente con Sílvia Cors, una autora protegida por su mismo editor. La novela explora las luces y las sombras del oficio de escritor y su vínculo con el mundo editorial, en un contexto lleno de conflictos emocionales y creativos que culminarán con Anton tomando una drástica decisión.",https://ww3.lectulandia.com/book/peripecias/,Realismo,2026-09-05
Tierra de promisión,Severiano Fernández Nicolás,"Novela, Realista",,"El campo y la ciudad son antagónicos aunque mutuamente indispensables. Y como energía nutricia de la vida urbana, el campesino exige entre otros fueros que le dejen tranquilo en su aislamiento, ante la Naturaleza tal cual es. Pero la civilización impone sus avances, y hasta para proteger el progreso rural y fertilizar tierras yermas ha de infiltrarse a veces en el sosiego rústico y trastornar seculares costumbres. Entonces surge el contraste. En Tierra de promisión , la oposición se establece entre padre e hijo. Blas Santos, el padre, personaje diestramente trazado por el autor, es la genuina representación del apego a la tierra; todo un carácter noble y sincero, pero roqueño, inexorable. Antonio, el hijo, ingeniero, es el ímpetu juvenil, la ilusión del hombre estudioso que se esfuerza por mejorar las condiciones de vida de los contornos que le vieron nacer. Entablada la lucha, la propia Naturaleza desatada, se encarga de ahondar las diferencias secundadas por diversas circunstancias íntimas de índole negativa. Y lo que se plantea como mero problema familiar, degenera en conflicto público hasta la consumación de la tragedia. Novela puramente española por su concepción y su escenario, Tierra de promisión ofrece, por la hondura y alcance del tema, resonancias universales.",https://ww3.lectulandia.com/book/tierra-de-promision/,Realismo,2026-09-05
Sodoma y Gomorra (Tr. Mauro Armiño),Marcel Proust,"Filosófico, Novela, Otros, Psicológico, Realista",A la busca del tiempo perdido,"Sodoma y Gomorra es el cuarto volumen de En busca del tiempo perdido de Marcel Proust. Además de revolucionar la narrativa con un estilo sin parangón en la historia de la literatura, Marcel Proust fue el primer autor moderno que exploró abiertamente en su obra el tema de la homosexualidad. Y fue en Sodoma y Gomorra, el cuarto volumen de su magistral En busca del tiempo perdido, donde ahondó con mayor intensidad en el amor homosexual, tanto masculino como femenino. A través de las relaciones sentimentales del barón de Charlus, por un lado, y de la memorable Albertine, por otro, Proust no solo se adentra en las pasiones humanas vinculadas tanto al deseo como a la frustración, sino que también se convierte en un personalísimo cronista de la decadencia de todo un estrato social en la transición de Francia hacia la modernidad del nuevo siglo.",https://ww3.lectulandia.com/book/sodoma-y-gomorra-tr-mauro-armino/,Realismo,2026-09-05
Galán,Alston Anderson,"Realista, Relato",,"Los protagonistas de estos relatos se mueven como sombras solitarias por los márgenes del sur de Estados Unidos: son negros en una tierra profundamente racista, son mujeres en una sociedad de hombres que les impone silencio y resignación, son homosexuales condenados a sentirse intrusos, son músicos de jazz, son muchachos callejeros y violentos, son drogadictos, estafadores, vagabundos y maleantes. En Galán (1959) Alston Anderson se acercó a todos ellos, los siguió en la crudeza de su camino hacia unos destinos crueles e irónicos y leyó su vulnerabilidad, su desarraigo y su rabia enmudecida en los surcos de unos rostros tan herméticos como el polvoriento y desolado paisaje que habitaban. Largamente olvidado, este libro que prometía una nueva era en la literatura afroamericana llega al fin, y por primera vez, en nuestro idioma.",https://ww3.lectulandia.com/book/galan/,Realismo,2026-09-05
Piñen,Daniela Catrileo,"Realista, Relato",,"Un libro de relatos bello y áspero sobre la adolescencia en el extrarradio de las ciudades chilenas. Una obra en la que lo personal y lo colectivo, se entrelazan en un gesto de existencia y resistencia.",https://ww3.lectulandia.com/book/pinen/,Realismo,2026-09-05
¿Quién tiene la culpa?,Aleksandr Ivanovich Herzen,"Novela, Realista",,"Krutsiferski, un joven preceptor de origen humilde, es contratado en casa de un rico terrateniente «semiestepario», sin lustre social y sin ninguna ocupación. En la casa vive también una hija ilegítima de este, Liubov, que, aunque despreciada y sin educación, «pensaba y soñaba, soñaba para aliviar su alma y pensaba para comprender sus sueños». Los dos jóvenes se enamoran y se casan y empiezan a llevar una vida modesta pero independiente y feliz en la ciudad de provincias de N. N. Ahí vuelve, tras años de vocaciones descartadas y peregrinaciones por Europa, un terrateniente de treinta años, Biéltov, decidido a hacer algo con su vida, y su introducción en el hogar de los Krutsiferski se va tiñendo de una ominosa ambigüedad. En cualquier caso, la instrucción, la cultura y la altura de miras se estrellan contra una pequeña comunidad de costumbres y jerarquías ridículas. ¿Quién tiene la culpa? (1847), novela heredera de Evgueni Oneguin y precursora de Turguénev y de los grandes maestros rusos de la segunda mitad del XIX, causó revuelo cuando se publicó y es romántica y antirromántica a la vez: piadosa y comprensiva con los grandes sentimientos, pero muy escéptica ante el medio social y los condicionamientos psicológicos que inevitablemente los coartan. Herzen compuso un magnífico cuadro de la sociedad patriarcal rusa, enriquecido por personajes secundarios magistralmente retratados y amenizado por un humor y una habilidad narrativa excepcionales.",https://ww3.lectulandia.com/book/quien-tiene-la-culpa/,Realismo,2026-09-05
Me llamo Aram,William Saroyan,"Otros, Realista, Relato",,"Los catorce relatos que integran este volumen de Saroyan comparten la voz intensa y poética de Aram Garoghlanian, un despierto muchacho norteamericano de familia armenia que extrae de cada experiencia su propia lección vital. Aram recuerda su infancia y adolescencia en Fresno, California, y en sus historias, de índole iniciática, dibuja un paisaje realista de matices líricos habitado por personajes de lo más pintoresco. Los ojos de Aram son ojos privilegiados, de observador fiel de un mundo extraño y maravilloso, que desgrana y digiere cuanto le sucede y acontece a su alrededor para mostrar, a través de la poderosa alquimia de la palabra, que a la postre la vida no es más que una emocionante aventura. Con la publicación de Me llamo Aram (1940), su primer gran best seller internacional, Saroyan se consagraba como maestro incontestable de la narrativa norteamericana contemporánea.",https://ww3.lectulandia.com/book/me-llamo-aram/,Realismo,2026-09-05
La parte de Guermantes (Tr. Mauro Armiño),Marcel Proust,"Filosófico, Novela, Otros, Psicológico, Realista",A la busca del tiempo perdido,"El mundo de Guermantes"" es la tercera parte de la heptalogía En busca del tiempo perdido de Marcel Proust. El libro se centra en la alta sociedad aristocrática francesa de la Belle Époque, la familia Guermantes, especialmente la duquesa Oriana, de quien el narrador se enamora. La obra analiza la decadencia de la nobleza, el mundo de los salones parisinos, el famoso caso Dreyfus y la profunda melancolía por la juventud y el tiempo perdido, que influye en la percepción de la vida y el amor.",https://ww3.lectulandia.com/book/la-parte-de-guermantes-tr-mauro-armino/,Realismo,2026-09-05
Renata Mauperin,"Edmond de Goncourt, Jules de Goncourt","Novela, Realista",,"Renata Mauperin retrata la vida de una joven burguesa del siglo XIX en la Francia literaria de los hermanos de Goncourt. Criada en un entorno culto y refinado, Renata se encuentra atrapada entre las expectativas sociales que pesan sobre su familia y su propio anhelo de libertad y autenticidad. Su carácter apasionado la lleva a cuestionar las normas rígidas de su mundo: rechaza matrimonios convenidos, vive intensamente el arte y la sensibilidad, y se enfrenta al egoísmo de su ambicioso hermano Enrique.",https://ww3.lectulandia.com/book/renata-mauperin/,Realismo,2026-09-05
A quien corresponda,Martín Caparrós,"Histórico, Novela, Realista",,"Cuando un viejo amigo devenido funcionario le ofrece la posibilidad de obtener alguna información sobre Estela, su mujer desaparecida por la dictadura, el protagonista ingresa en un incesante laberinto setentista que incluye reencuentros con sus excompañeros de militancia, reflexiones extremas sobre la violencia y una serie de conversaciones banales y siempre tensas con una amante joven, Valeria, que contrastan con los diálogos imaginarios, pero escalofriantes que mantiene con el fantasma de Estela. Valioso por donde se lo mire, A quien corresponda no solo es un tremendo policial cuya intriga nos deja sin aliento, sino también un mensaje lanzado al futuro que aborda, de un modo inteligente y desprejuiciado, el período más traumático de nuestra historia, el que más ecos mantiene en el presente.",https://ww3.lectulandia.com/book/a-quien-corresponda/,Realismo,2026-09-05
Adiós al séptimo de línea III: Los infantes de bronce,Jorge Inostrosa Cuevas,"Histórico, Novela, Realista",Adiós al Séptimo de Línea,"Este tercer volumen titulado «Los infantes de bronce» comienza con la desastrosa retirada del ejército aliado de Perú y Bolivia después de la Batalla de Tarapacá, el inicio de la campaña de Tacna y Arica con la gran batalla del Campo de la Alianza y la posterior toma del morro de Arica. Culminando con la campaña de Lima, relatando la Batalla de Chorrillos y Miraflores y la toma de Lima por parte del ejército Chileno, donde el general Baquedano tuvo un rol fundamental.",https://ww3.lectulandia.com/book/adios-al-septimo-de-linea-iii-los-infantes-de-bronce/,Realismo,2026-09-05
Mátalo,David Martín del Campo,"Novela, Realista",,"«Pobres del mundo que lo han perdido todo, menos la capacidad de dolerse». El tesoro de Bagdad, Intemperie y Antes de Noé son los escenarios por los que transita esta original novela. Urdidas a modo de «pistas simultáneas», las historias que componen el volumen nos remiten a pasiones exaltadas —limítrofes de la irracionalidad— y que conducen a circunstancias de violencia extrema. Un circo incendiado, una voz secreta (y «celestial») que exige lo imposible, un hallazgo escalofriante en una ribera; todo remite a destinos de fatalidad y desmesura, aunque no ausentes de redención. Como gladiadores del coliseo romano, los personajes de estas páginas deberán enfrentar a distintos seres de nuestra zoología cotidiana y en cada encuentro, peleando a mano con la muerte, se suscitará un destino. Historias a punto de la demencia (o desde ella) que trazan los derroteros de una existencia rota por la ambición, la culpa y el deseo. «No matarás», prescriben las tablas de la ley… pero es tan fácil desobedecer el mandato cuando la exaltación se ha apoderado del Universo. Las narraciones de esta novela —estructurada con relojería magistral— se presentan a todas luces como un homenaje a los instintos que corren por nuestras venas, y pueden ser interpretadas igualmente como testamento (aunque inédito) de resonancias bíblicas.",https://ww3.lectulandia.com/book/matalo/,Realismo,2026-09-05
Las cenizas del hierro,Ramiro Pinilla,"Novela, Realista","Verdes valles, colinas rojas","Tras el relato impresionante de la guerra vivida en las trincheras, de los bombardeos y la desbandada general ante las tropas franquistas, que toman Bilbao, el volumen arranca con el complot de los industriales vascos, en el que participa Camilo Baskardo, para traicionar a la República y entregarse a Franco. Los habitantes de Getxo conocen la posguerra dos años antes de que acabe la guerra, y la viven como una época oscura de represión y sometimiento. Son las nuevas generaciones, entre ellos Asier, que estudia en Bilbao, y Océano, criado entre anarquistas y nacionalista, quienes ofrecen una resistencia sorda que poco a poco se revelará violenta. Para ellos el nuevo régimen se hace intolerable en tanto ahonda la injusticias.Las cenizas del hierro revela no sólo el origen enigmático de dos de las protagonistas de la novela, Ella y Magda —cuyos hijos han logrado usurpar las herencias de las grandes familias—, o las razones profundas que les llevaron al ensalzamiento del Mostrador —con su carga simbólica—; es también la parte donde los ambiciosos planes expansivos de los hombres de hierro viven su momento de esplendor y declive, su derrumbamiento final. Los últimos representantes de las familias de la novela acaban arrastrados por la Historia, mientras se produce el primer asesinato de ETA en el País Vasco, que hará de la convivencia un permanente conflicto irresoluble.",https://ww3.lectulandia.com/book/las-cenizas-del-hierro/,Realismo,2026-09-05
Muere el cisne después del verano,Aldous Huxley,"Novela, Realista",,"El intelectual británico Jeremy Pordage llega a Los Ángeles contratado por Jospeh Panton Stoyte, millonario estadounidense, para evaluar y tasar unos manuscritos antiquísimos. En el extravagante castillo donde se sitúa la acción también se encuentran, como huéspedes y trabajadores permanentes, un médico y su ayudante, quienes trabajan en conseguir la prolongación artificial e indefinida de la vida humana; Virginia Maunciple, una hermosa muchacha, y William Propter, en quien Huxley se desdobla. Una vez más, Aldous Huxley somete a sus personajes a una crítica irónica en una fábula moral sarcástica. Profundo conocedor del alma humana, en esta novela trata temas esenciales de la existencia, como la inmortalidad, el bien y el mal, el amor y el sexo…, y todo ello enmarcado en un contexto histórico, el año 1939, en el que el autor, como tantos otros intelectuales de su tiempo mostraba su desazón al ver cómo la tecnología se establecía como sinónimo de progreso. Por eso, la vigencia de Muere el cisne después del verano hoy en día, casi cien años después de su publicación original resulta escalofriante.",https://ww3.lectulandia.com/book/muere-el-cisne-despues-del-verano/,Realismo,2026-09-05
Hasta que empieza a brillar,Andrés Neuman,"Histórico, Novela, Realista",,"Hasta que empieza a brillar cuenta la historia íntima de María Moliner, partiendo de una atractiva premisa literaria: narrar de cuerpo entero a la protagonista a través de su vínculo con la lengua. A la vez, nos propone una sugerente hipótesis: ¿y si su diccionario fuese también una suerte de autobiografía oculta? Esta es la vida novelada de una figura apasionante, retratada desde una infancia difícil hasta un final insospechado, pasando por su extraordinaria labor como bibliotecaria en la República o su polémica candidatura a la Real Academia. Entre la investigación y la imaginación, combinando la comedia, el drama familiar y la tragedia colectiva, se abre paso la historia de una resistencia secreta. Un acto de justicia con el legado de una mujer que vivió a contracorriente y exploró las palabras hasta que empezaron a brillar.",https://ww3.lectulandia.com/book/hasta-que-empieza-a-brillar/,Realismo,2026-09-05
Una casa llena de gente,Mariana Sández,"Novela, Realista",,"La literatura es, ni más ni menos, una casa llena de gente, o al menos lo es para Leila, traductora y escritora frustrada para quien el tiempo se organiza en y para los libros. Sin embargo, su vida es bastante más compleja: ha de enfrentarse a las demandas de lo doméstico y de una madre de lo más exigente, la temible Granny, orgullosa inglesa de nacimiento, pragmática y criticona. Y luego está el castello que da forma a una trama que avanza a través de lo no dicho, el contraste entre los puntos de vista, el humor y el misterio. Prediciendo su propia muerte, Leila lega a su hija Charo sus diarios y una colección de fotografías y películas familiares. y una lista de instrucciones sobre qué hacer con ello. Poco a poco, Charo irá redescubriendo una faceta de su madre, oculta hasta el momento.",https://ww3.lectulandia.com/book/una-casa-llena-de-gente/,Realismo,2026-09-05
El incidente,Daniel Jiménez Palencia,"Novela, Otros, Realista",,"Nadie tiene la culpa. Estas cosas pasan. Solo fue un «incidente». Esa es la palabra que más se repite a la hora de hablar del enfrentamiento entre Ricardo Montesinos, jefe de la planta de psiquiatría del hospital, y Manuel Alejandro, un joven paciente ingresado por tercera vez en la unidad de agudos. La versión oficial se empieza a desmoronar cuando un escritor en crisis, que estuvo ingresado hace veinte años en ese mismo lugar, se decide a investigar el caso y confronta los testimonios de todos los implicados. Basada en hechos y personajes reales, El incidente es una novela polifónica que aborda cuestiones fundamentales y contradictorias en torno a la enfermedad mental: la diversidad de causas que la inducen —biológicas y contextuales—, los intereses detrás del aumento del malestar en nuestra sociedad o la necesidad de acabar con el estigma que la rodea sin caer en el exhibicionismo al que conduce su permanente visibilización. Tras convencer a la crítica y a los lectores con El plagio , Daniel Jiménez combina magistralmente realidad y ficción para diseccionar de manera transversal y sin maniqueísmos la delicada salud mental de pacientes y profesionales, lo que le lleva, en última instancia, a afrontar sus propios miedos y vulnerabilidades.",https://ww3.lectulandia.com/book/el-incidente/,Realismo,2026-09-05
En la punta de los dedos,Carmen Kurtz,"Novela, Realista",,"La pequeña capital de provincias en donde Carmen Kurtz centra su relato, se convierte en protagonista de esta novela a través de los diversos tipos humanos que, en su afán por conseguir lo que piensan tener En la punta de los dedos , nos la describen. Un foso infranqueable separa la ciudad, las generaciones, la moral e incluso la religión de ayer y la de hoy. La «santidad» decimonónica de Paquita, mujer del notario Cuéllar, se estrella contra la fría lógica de Guillermo y la ardiente rebeldía de Juana, sus hijos. Titi, la casi centenaria abuela, que se apoya en sus años para decir lo que otros callan; Soledad, la nieta, impía con los demás y con ella misma; el notario Cuéllar, enamorado platónico de Isabel Fornos; Epifanio García, peón y masovero de Gregorio Solanas el terrateniente; Marcial, el forastero; don Jesús, el joven coadjutor de la parroquia de Santa María que en vano trata de enderezar lo que está torcido, y otros personajes que, viviendo su problema desde el propio ángulo, componen el núcleo central de la obra. Son tan varios los personajes como sus respectivos desenlaces. Algo así como si Carmen Kurtz quisiera dar un margen de confianza al lector y a la vida misma. Lo que sucederá «después» no es previsible, y por lo mismo lo deja a cargo del tiempo con sus posibles cambios e imprevistos. La autora nos lleva desde el principio hasta el final de un personaje a otro en un discurrir constante y lógico. De nuevo encontramos en esta novela, la octava de Carmen Kurtz, una crítica acerba contra la hipocresía disfrazada de virtud de esa clase media que ha sido el punto de referencia de su obra.",https://ww3.lectulandia.com/book/en-la-punta-de-los-dedos/,Realismo,2026-09-05
La guardiana de secretos,Rosa Huertas,"Histórico, Novela, Realista",,"Un homenaje a una mujer avanzada a su época . Un emotivo relato contra el silencio y el olvido . Madrid, 1960 . Nadie se acuerda ya de Carmen de Burgos, una segunda muerte para quien fuera la mujer más influyente de España décadas atrás. Con gran pesar por ese injusto y devastador olvido impuesto por los vencedores de la guerra, Ketty se resiste a que la voz de su hermana quede sepultada y decide contar su historia. Quiere devolver a la periodista al lugar que merece y evitar así que se pierda su legado. Las animadas tertulias en el salón de Colombine, donde se reunían los más prestigiosos escritores, periodistas y artistas del momento, junto con su pensamiento combativo, sus deliciosas recetas y sus memorables escritos son algunas de las estampas que componen este emocionante retrato de una mujer valerosa que revolucionó la escena literaria y abrió el camino hacia la modernidad del país. Porque, ante todo, Carmen siempre quiso sentir la vida, vibrar con ella. De la mano de una gran narradora y con una rigurosa documentación histórica, una apasionante novela sobre Carmen de Burgos, una de las escritoras españolas más revolucionarias de todos los tiempos . ------------------------------------- Reseñas: «Libre y combativa». El País «Adelantada a su tiempo». El Mundo «Una mujer que se salió de todos los moldes». La Vanguardia «Un tornado en el panorama literario de principios del siglo XX». La Razón",https://ww3.lectulandia.com/book/la-guardiana-de-secretos/,Realismo,2026-09-05
Si nadie habla de las cosas que importan,Jon McGregor,"Intriga, Novela, Realista",,"Una calle cualquiera de una ciudad del norte de Inglaterra el último domingo de verano. Las escenas se suceden como si fuesen polaroids pegadas sobre una cartulina: estudiantes que hacen las maletas sin saber qué les depara el futuro; niños que entran y salen corriendo de sus casas; jóvenes que empiezan a despertar tras pasar la noche de fiesta; un hombre que pinta de azul pálido las ventanas de su casa; un matrimonio que se encierra en su dormitorio para hacer el amor; una pareja de ancianos que se prepara para celebrar su aniversario… Con una mirada omnisciente sobre los seres anónimos que habitan la ciudad, Jon McGregor funde lo ordinario con lo extraordinario en una novela cuya tensión y suspense no dejan de incrementarse hasta culminar con una sorpresa que aguarda al lector en la última página.",https://ww3.lectulandia.com/book/si-nadie-habla-de-las-cosas-que-importan/,Realismo,2026-09-05
La mujer que tenía los pies feos,Jordi Soler,"Novela, Realista",,"“La fuerza que generan dos en una relación debe distribuirse: o se reparte, o uno la cede y el otro se la queda toda.” Un productor cinematográfico sacrifica sus vicios, sus aficiones, su mascota, sus amistades y su variada y gratificante vida sexual cuando conoce a Varsovia, la mujer de pies feos a quien siente una inmediata necesidad de atarse de por vida. Siempre se consideró un tigre, pero se da cuenta de que se ha convertido en gato doméstico. Jordi Soler narra, con gran sentido del humor y una ácida visión satírica, a un ritmo tan vertiginoso como el ciclón que azotará a sus personajes, y sin embargo encuentra espacio para ocuparse de detalles, en apariencia insignificantes, cuya suma final los hace aparecer como lo que siempre fueron: un campo minado. En La mujer que tenía los pies feos convergen los paraísos personales y los purgatorios colectivos; las fantasías latentes de pronto se vuelven realidades concretas que obligan a elegir, a tomar partido.",https://ww3.lectulandia.com/book/la-mujer-que-tenia-los-pies-feos/,Realismo,2026-09-05
Pedro Sánchez,José María de Pereda,"Novela, Realista",,"Pedro Sánchez es una novela sobre un joven cántabro de aldea que pasa de ser un niño y joven sencillo a convertirse en un líder político en el agitado Madrid isabelino. Pedro Sánchez, el protagonista, es un hijodalgo montañés, de escudo en fachada, vieja levita en el arca y pobres ahorros en la bolsa. Es hijo de Juan Sánchez, un hombre venerable y simpático. El protagonista se traslada a Madrid para buscar fortuna y se convierte en testigo, e incluso actor, de la revolución de 1854. A lo largo de la novela, se encuentran otros personajes como Augusto Valenzuela, descrito como el prototipo del burócrata fullero, casado con Pilita, y Manolo Valenzuela, descrito como el representante de una juventud que vive sorbiendo cubeba y galanteando prostitutas, hijo de Augusto Valenzuela y Pilita. Clara Valenzuela, interés sentimental de Pedro Sánchez, es hija de Augusto y de Pilita. Carmen Balduque es otro personaje que se describe como pobre, laboriosa y tierna.",https://ww3.lectulandia.com/book/pedro-sanchez/,Realismo,2026-09-05
Época de cerezos,Laura Baeza,"Realista, Relato",,"Al sur fronterizo de México, en un pueblo olvidado por casi todos, explota una planta nuclear, y sus habitantes, entre desconcierto e incredulidad, deberán continuar con sus vidas a costa de la radiación, justo como vivieron antes del a pesar de la corrupción, de la violencia y de la impunidad. Ganadora del Premio Nacional de Narrativa Gerardo Cornejo, Laura Baeza, presenta en Época de cerezos una realidad retorcida, ensimismada y colapsada, a través de diez cuentos que dialogan entre sí y que giran en torno al mismo la explosión; producto de las malas decisiones, indiferencia y egoísmo de los afectados. Uno a uno, los protagonistas de Época de cerezos construyen la historia a partir de sus propios un hombre desahuciado, una violinista en crisis, un atormentado comerciante, un inmigrante guatemalteco y un estudiante de arquitectura, conforman, desde sus inquietudes, una trama compleja y envolvente que mantendrán al lector expectante hasta el punto final.",https://ww3.lectulandia.com/book/epoca-de-cerezos/,Realismo,2026-09-05
La Montálvez,José María de Pereda,"Novela, Realista",,"La Montálvez, es una novela que se ambienta en la España rural del siglo XIX. La obra explora temas como el honor, el amor, y la intriga, entrelazados en un ambiente rural lleno de pasión y conflictos que marcan el destino de los personajes. La trama se desarrolla con un estilo descriptivo y emotivo, ofreciendo una profunda exploración del alma humana y su relación con el paisaje. La narración se centra en Margarita de Montálvez, quien se ve envuelta en una serie de situaciones complejas que desafían su posición social y sus sentimientos. La historia está llena de giros inesperados y secretos que mantienen al lector enganchado, invitándolo a descubrir los destinos entrelazados de los personajes y las consecuencias de sus acciones. La novela es recomendada para aquellos que disfrutan de las historias con tintes históricos, drama y romance, sumergiéndolos en una narrativa cautivadora y evocadora que los transporta a otro tiempo.",https://ww3.lectulandia.com/book/la-montalvez/,Realismo,2026-09-05
Franz,Luis María Carrero,"Novela, Realista",,"Un joven crítico, fascinado por una exposición póstuma del desconocido pintor Franz Leiner, emprende la investigación de su obra y su vida. Concebida como una novela de novelas y organizada como un archivo, Franz presenta los documentos que conforman tal investigación: entrevistas, cartas, narraciones, un borrador del catálogo, grabaciones, notas del pintor... Textos que se superponen en estratos hasta formar un verdadero mapa geológico del protagonista, ofreciendo al lector los elementos necesarios para construir una historia en la que la amistad y la creatividad se enfrentan, sin demasiadas posibilidades, al olvido y a la muerte..., una historia que aborda los excesos de la pasión desde una perspectiva vital a la que no son ajenos ni el hedonismo ni un sentido trágico de la existencia y el arte tan atávico como novedoso. De la anterior novela de Luis M.a Carrero, La Cámara de las Maravillas , publicada en esta misma colección, la crítica dijo: «Material para enseñarlo en las escuelas de arte. Lo juro» (A. Cervera, Levante ). «Acierto editorial que anuncia a un autor que tiene cosas que contar y reflexiones sobre cuestiones fundamentales de la vida» (Á. Basanta, Abc ). «Una obra en la que se mezclan con acierto caracteres de novela de intriga, histórica e iniciática, que nos descubre a un joven escritor de grandes posibilidades, con un lenguaje agradable y culto, que domina con seguridad la técnica narrativa» (J. R. Netcháiev, Archipiélago ). «El lector, entretenido, intrigado e inquieto, se deja enganchar en la red urdida por Carrero» (L. Pérez Miguel, El Mundo ).",https://ww3.lectulandia.com/book/franz/,Realismo,2026-09-05
En el paraíso,Peter Matthiessen,"Drama, Novela, Realista",,"En el invierno de 1996, más de cien mujeres y hombres de diversa nacionalidad, cultura y creencias se reúnen en un antiguo campo de concentración nazi con un objetivo sin precedentes: un fin de semana de retiro durante el que se proponen rezar y meditar, mientras duermen y comen en las instalaciones donde los oficiales nazis asesinaron a millones de judíos. Clements Olin ha llegado allí con la intención de completar una investigación sobre la muerte de un superviviente del campo. Al pasar los días, las tensiones políticas y personales emergen entre los participantes, y se borra cualquier esperanza de curación o conciliación. En medio de estas emociones, Olin se ve obligado a abandonar su papel de observador y aceptar la historia silenciada de su familia.",https://ww3.lectulandia.com/book/en-el-paraiso/,Realismo,2026-09-05
Nuez de coco,Kopano Matlwa,"Novela, Realista",,"Ofilwe y Fikile tienen la misma edad y viven en el mismo país. Aparentemente, comparten también una misma cultura. Pero en la Sudáfrica de principios de los noventa las diferencias son todavía abismales incluso entre diferentes comunidades dentro de la población negra. Ofilwe ha llevado una vida sin complicaciones, diríase que privilegiada: su familia ha prosperado, ha recibido una buena educación y ha crecido rodeada de comodidades. En el argot sudafricano, ella es una coconut: negra por fuera y blanca por dentro, como la nuez de coco. Y eso implica una diferencia cultural insalvable con respecto a las chicas como Fikile, que viven en los márgenes de las grandes ciudades, en chabolas, y que sufren toda clase de desigualdades derivadas de la antigua discriminación racial, pero que crecen dentro de una comunidad fuerte y unida que las apoya y las protege. Ofilwe y Fikile aspiran a objetivos prácticamente opuestos: la primera, que ha sido educada en la cultura blanca, no sabe cómo conectar con otras personas de su misma raza; Fikile, por su parte, lucha por escapar del gueto y emprender el camino vital que la convierta, en la medida de lo posible, en una coconut. En su primera novela, la joven escritora Kopano Matlwa abordó uno de los conflictos culturales más profundos de su país: el largo camino hacia la normalidad de la primera generación born free en Sudáfrica, aquella que creció en libertad tras el final del apartheid. Un camino difícil y que, en muchos momentos, resultó ser una gran mentira social, como reflejan las historias de estas dos protagonistas: aunque crecen en una sociedad en la que poco a poco se van borrando las diferencias entre negros y blancos, ambas sufren las consecuencias del pasado y se ven incapaces de librarse de los estereotipos raciales y sociales que todavía atenazan a una población que lucha por sanar sus heridas.",https://ww3.lectulandia.com/book/nuez-de-coco/,Realismo,2026-09-05
Tiempo sin horas,Rafael Ramírez Heredia,"Novela, Realista",,"En la lectura de esta novela parece que se asiste al inminente suicidio de los dos personajes centrales de la obra. El tiempo, importante elemento del relato, aunado a otros factores aparentemente triviales nos conduce a través de la existencia de Mario y Alma, quienes intentan por diferentes formas, él agresivo sexual y ella silenciosa en sus recuerdos, evitar ese suicidio advertido desde el inicio de sus vidas. Por ser paralelas, las historias no se entrecruzan ni siquiera en la reunión de ambas, pues la técnica empleada por el autor, le permite evadir el relato en primera persona, usando el tiempo pasado. La mezcla de características tan diferentes en los personajes, Mario erótico, y Alma silenciosa, permite un contrapunto tan especial que hace al lector partícipe de la narración hasta llevarlo a cerrar el círculo donde se termina o se inicia todo.",https://ww3.lectulandia.com/book/tiempo-sin-horas/,Realismo,2026-09-05
Los hechos de Key Biscayne,Xita Rubert,"Novela, Realista",,"«Lo que creemos nos protege. Lo que sabemos nos deja a la deriva». Esta es una novela de derivas, incertidumbres y tránsitos. Una niña, la narradora, está dejando de serlo. Ricardo, su padre, cada vez se comporta menos como un padre y más como un caimán. Key Biscayne, la isla a la que han llegado junto a Nico, el hermano de la narradora, es una microsociedad habitada por niñas que no parecen serlo, lagartos, magnates, celebridades, mafiosos y familias muy poco convencionales. ¿Qué es lo que sucede allí exactamente? Nada demasiado grave, al parecer. Lo peligroso, en Key Biscayne, es siempre otra cosa. La trama de desastres naturales y personales se precipita a partir de extrañas amistades, un revólver Colt, tensiones domésticas, juegos arriesgados y unas fotografías que nunca deberían haberse tomado. Xita Rubert ha escrito a la vez una novela de misterio y un libro sobre las ambivalencias del afecto y la memoria. Una narración tierna, descacharrante y perturbadora a partes iguales que confirma la potencia de una autora inclasificable.",https://ww3.lectulandia.com/book/los-hechos-de-key-biscayne/,Realismo,2026-09-05
Vivir de oído,Andrés Neuman,"Otros, Poesía, Realista",,"Escuchar los sonidos que componen cada instante. Registrar el rumor de las reflexiones. Vivir siempre de oído, improvisando ante la fugacidad, como aproximación a la creación poética y sus múltiples sujetos: el amor, la herencia familiar, las tensiones del tiempo, los susurros urgentes del presente y los ecos secretos de la memoria. Persiguiendo la armonía que se esconde tras el ruido, Andrés Neuman captura el ritmo de nuestras experiencias vitales. En este poemario hay celebraciones y derrotas, pérdidas y aprendizajes, lucidez y sentido lúdico, sombras y epifanías que las iluminan. Un libro duro y sincero, acaso el más íntimo de su autor, capaz de adentrarse en un territorio donde el lenguaje canta matices, sutilezas, claroscuros. IMPORTANTE: Recomendamos descargar los libros de poesía en formato EPUB dado que en PDF pueden tener problemas de visualización.",https://ww3.lectulandia.com/book/vivir-de-oido/,Realismo,2026-09-05
Diario de un amor intenso,Marco Aurelio Carballo,"Novela, Realista",,"Diario de un amor intenso , el animado relato de las aventuras y desventuras etílico-amorosas de un periodista de medio pelo y aspirante frustrado a novelista que escribe un diario dirigido a una enigmática y caprichosa mujer, a la que nombra simplemente como Caprichito, y quien fiel a su nombre, actúa por capricho y en absoluta discordancia con los deseos carnales y etílicos del frustrado redactor, quien se lamenta y recuerda amorosamente sus correrías con tal hembra a través de las memoriosas páginas que dan cuenta de su empeño. Alejado del purismo lingüístico, el autor nos retrata con habilidad notable el placer de la palabra hablada, el gusto por escuchar y retratar a distintos personajes —con ese oído que Garibay solicitaba a sus contemporáneos y que tantas enemistades le trajo— en su tinta , a través de un notable fresco en el que el último personaje ciertamente no es el lenguaje. Así, Diario de un amor intenso , de Marco Aurelio Carballo, es uno de los ejemplos más depurados de ese gusto por la conversación, de ese saber escuchar que cada día se pierde entre nuestros escritores, y de esa delicada maquinaria de relojería que es la construcción de una atmósfera sin caer en el exceso verbal ni en la exhaustiva descripción de personajes y sitios.",https://ww3.lectulandia.com/book/diario-de-un-amor-intenso/,Realismo,2026-09-05
Precario silencio,Abdulrazak Gurnah,"Novela, Realista",,"Esta novela está protagonizada por un refugiado de Zanzíbar que reside en Gran Bretaña desde que huyó de su tierra de forma ilegal. Tras completar allí sus estudios, ha podido comenzar a ganarse la vida en un trabajo de profesor que aborrece. Al mismo tiempo, mantiene una relación con Emma, una estudiante de familia burguesa con la que tiene una hija de 17 años. Cuando en su país se decreta una amnistía, su madre le invita a regresar para buscarle una esposa, sin saber que ya comparte su vida con otra persona, y que además, tiene una familia con ella.",https://ww3.lectulandia.com/book/precario-silencio/,Realismo,2026-09-05
Vamos a la huerta de Toro Toronjil,Ricardo Garibay,"Realista, Relato",,"Uno de los narradores más controvertidos de los últimos tiempos nos ofrece aquí una visión privilegiada —a distancia, pero siempre con pasión— de la infancia, niñez y adolescencia: un corte transversal de la vida del hombre en su etapa más delicada y, al mismo tiempo, más cruda; un viaje iniciático por el descubrimiento del amor y del odio, durante el cual apenas empieza a vislumbrarse la línea que separa a la realidad de la fantasía. En Vamos a la huerta de Toro Toronjil , Ricardo Garibay recoge en un solo volumen sus relatos que tienen por protagonistas a niños, niñas, adolescentes y jóvenes que sueñan y luchan por vivir, por afirmarse, por conocer el mundo y conocerse a sí mismos, al mismo tiempo que deben abrirse paso ante su familia y una sociedad en cuyos rituales más terribles deben aprender a participar como si se tratara de juegos de niños…",https://ww3.lectulandia.com/book/vamos-a-la-huerta-de-toro-toronjil/,Realismo,2026-09-05
Antología personal de Hernán Lara Zavala,Hernán Lara Zavala,"Realista, Relato",,"La Antología Personal (1981-1990) de Hernán Lara Zavala ofrece una muestra representativa de las diferentes búsquedas que ha emprendido el autor en los campos del cuento corto y del ensayo literario. Ceñido en la narrativa a lo que algún crítico definió como «el realismo de la cotidiancidad» Lara Zavala «acentúa lo fugaz y supuestamente intrascendente» para iluminar ciertos momentos anímicos en la vida de sus personajes que lindan con lo ambiguo, lo mítico o lo alucinante y que llegan a veces a tocar las fronteras de lo fantástico. Lara Zavala no es un cuentista experimental salvo en lo que atañe a que cada uno de sus libros representa para él un nuevo reto y una nueva manera de aproximarse a sus asuntos. No obstante la diversidad temática, en los cuentos de Lara Zavala reconocemos una misma voz, un mismo mundo interior y una misma poética del relato. Se trata en buena medida de cuentos de atmósfera, donde lo importante no es tanto lo que se dice sino lo que se oculta, donde la tensión dramática está contenida y donde priva todo el tiempo una fuerza subliminal en busca de la complicidad del lector. El crítico Julio Ortega ha comentado en torno a los cuentos de Lara Zavala que poseen una «precisión poco común en el relato mexicano… una precisión que no es sólo economía sino una incisiva y poética versión de hechos y discursos más amplios, implicados».",https://ww3.lectulandia.com/book/antologia-personal-de-hernan-lara-zavala/,Realismo,2026-09-05
Agostino,Alberto Moravia,"Novela, Realista",,"Ser hijo único de una señora viuda y hermosa puede ser una magnífica ocasión para penetrar los misterios del sexo, pero Agostino es un chico tímido, enemigo de preguntas embarazosas y gestos descarados. Así, los escarceos amorosos entre su madre y los muchos pretendientes que la asedian en ese pueblecito a orillas del Mediterráneo lo relegan al lugar de un espectador huraño, celoso de una intimidad que antes, cuando niño, era suya y ahora se ha esfumado, dejándole solo y confundido. Lejos de los brazos maternos, el chico se aventura en compañía de los pillos que rondan las calles de la aldea, y de pronto la cruda realidad impone sus leyes: Agostino se ve condenado a crecer y a saber en un solo verano todo lo que la vida puede enseñar si estiramos de ella con las cuerdas de nuestro deseo.",https://ww3.lectulandia.com/book/agostino/,Realismo,2026-09-05
Imperios perdidos,J. B. Priestley,"Novela, Realista",,"Imperios Perdidos (Lost Empires, 1965) nos relata, entre noviembre de 1913 y agosto de 1914, la peripecia de Richard Harncastle en el mundo de las variedades, en una Inglaterra llamada a desaparecer con la primera guerra mundial. A la vez picaresca y nostálgica, la narración es una espléndida galería de retratos de figuras pintorescas de un tiempo ido y el relato de la iniciación del joven protagonista en el amor, la sexualidad y la carrera artística, en compañía de su tío Nick, ilusionista que está al frente de un grupo de variedades que viaja entre Inglaterra y el continente. Un mundo desvanecido, lleno de color y de encanto anacrónico, cobra así vida en la poderosa evocación de uno de los principales escritores británicos de nuestro siglo.",https://ww3.lectulandia.com/book/imperios-perdidos/,Realismo,2026-09-05
De hombre en hombre,Olive Schreiner,"Novela, Realista",,"En la Sudáfrica colonial del siglo XIX, dos niñas blancas de origen inglés nacen y se crían en una granja. La hermana mayor se casa con un exitoso hombre de negocios, pero, dueña de un espíritu curioso y adelantado a su época, no dejará nunca de luchar por la igualdad en el matrimonio. La hermana menor, en cambio, tras sufrir abusos a los quince años por parte de su tutor, se verá condenada al ostracismo y buscará la manera de desaparecer de la faz de la tierra. De hombre en hombre es una apasionante novela sobre el amor fraterno, el colonialismo y la subyugación de las mujeres en la sociedad victoriana. Su autora, Olive Schreiner, una de las escritoras más célebres de la Sudáfrica colonial de finales del siglo XIX y principios del XX, trabajó en ella durante más de cuarenta años, hasta su muerte en 1920. Además de ser conocida por sus novelas y crónicas sobre las costumbres sudafricanas, fue una pionera del feminismo y una gran reformadora social antirracista. Seis años después de su muerte, una versión inacabada de esta novela logró ver la luz. Casi un siglo después, el premio Nobel J.M. Coetzee redescubre este gran clásico, inédito hasta ahora en lengua española y, guiado por una profunda admiración por «el genio literario de Schreiner», decide editarlo y añadirle un final acorde a nuestros tiempos.",https://ww3.lectulandia.com/book/de-hombre-en-hombre/,Realismo,2026-09-05
Dios sí juega a los dados,Óscar de la Borbolla,"Realista, Relato",,"Cuando Einstein negó que Dios jugara a los dados quería hacer que el Orden también funcionara en el mundo subatómico, ahí donde Max Born y otros físicos cuánticos comenzaban a entrever el reino del azar; si se hubiese asomado con sus cálculos al mundo de las relaciones amorosas, como hace con una prosa deslumbrante Óscar de la Borbolla en este libro, habría, sin duda, descubierto que no sólo puede afirmarse que Dios juega a los dados, sino que hace trampa. Una nueva manera de contar el amor nos ofrece Óscar de la Borbolla en estos cuentos donde se vale de las más recientes teorías científicas (geometría de fractales, matemáticas del caos, saltos cuánticos, atajos hacia otras dimensiones…) para construir sus historias. En Dios sí juega a los dados se despliega un rico repertorio de estructuras y de novedosas técnicas narrativas que hacen que el amor de los personajes se sienta. Son amores extraños, únicos, iguales a los amores de carne y hueso que suceden en el mundo. Óscar de la Borbolla (México, 1958) ha publicado en esta misma editorial: La vida de un muerto, Filosofía para inconformes y Asalto al infierno .",https://ww3.lectulandia.com/book/dios-si-juega-a-los-dados/,Realismo,2026-09-05
La lluvia no mata las flores,René Avilés Fabila,"Realista, Relato",,"La lluvia no mala las flores está formado por variaciones sobre un mismo tema infinito: la corrupción del amor o el fracaso de la pareja. En ellas el amor no se realiza y su sitio lo ocupa la frustración, el desamor. Ninguno de los relatos del libro reviste características trágicas, ni sus elementos básicos —sensualidad y erotismo— caen en la vulgaridad, pues gracias al lenguaje natural y desenfadado, al humorismo ocasional, a la trama siempre rebosante de imaginación y a las estructuras distintas y novedosas, se evitan el melodrama y la pornografía, y los cuentos alcanzan estratos de dignidad y originalidad literarias. Las historias que componen este libro pertenecen al mundo secreto de las personas, a lo que avergüenza y trata de olvidarse o esconderse. Son sucesos anormales de gente que posee prejuicios en público, de buenas costumbres, convencional, en una palabra: decente . Caso anormales, sí, pero también justificables porque sacaron a esos seres de la monotonía y del aburrimiento para enfrentarlos a una realidad ineludible.",https://ww3.lectulandia.com/book/la-lluvia-no-mata-las-flores/,Realismo,2026-09-05
El pasajero,Alfredo Taján,"Novela, Realista",,"Yamil Mansur, un argentino de origen libanés que pretende abrirse paso como escritor, entra en contacto con el célebre novelista Mario Pineda y con su esposa Catrina, galerista de arte contemporáneo. La admiración que Yamil siente por el autor desaparece cuando inicia una relación amorosa con Catrina, que sólo podrá sostenerse en el exilio. Atrapados por el sexo, el alcohol y las anfetaminas, la pareja recorrerá diferentes parajes de Uruguay para acabar instalándose en Ibiza y Barcelona. Narrada en primera persona, El pasajero —ganadora del Premio Café Gijón 1996— es una novela sobre el amor entendido como ocupación arrolladora y maligna. Con una prosa cuidadísima. Alfredo Taján crea una serie de situaciones de rara fuerza, que se suceden con la ambigüedad de las mejores novelas policíacas. Frente a la fuerza del amor —o de la mentira—, la calma no existe, y sólo la creación artística puede a veces mitigar los impulsos vitales. Desbordado por el amor y también por el recelo, Yamil Mansur acaso no sea más que un mero pasajero en las vidas de otros, o de otras…",https://ww3.lectulandia.com/book/el-pasajero-alfredo-tajan/,Realismo,2026-09-05
El circo,Ramón Gómez de la Serna,"Realista, Relato",,"Ramón Gómez de la Serna siempre manifestó su gran afición por el espectáculo circense. Fruto de tal predilección es el presente libro, escrito en su mejor estilo y en cuyas páginas el lector hallará abundantes motivos de regocijo.",https://ww3.lectulandia.com/book/el-circo-ramon-gomez-de-la-serna/,Realismo,2026-09-05
Tierra de la Luz,Lucía Asué Mbomío Rubio,"Drama, Novela, Realista",,"En Tierra de la Luz , Lucía Mbomío pone el foco en los temporeros del sur y las injusticias que se viven en el campo. Una novela llena de simbolismo, emoción y crítica, pero también cargada de una gran belleza narrativa, en la que el realismo mágico bebe de la cultura fang. Hija de un sastre y una pintora aficionada, Ngolo llegó a España soñando con convertirse en una gran diseñadora de moda y traer a Europa los cortes y colores de su Guinea natal. Pero nada va según lo previsto, y la joven se ve abocada a trabajar de sol a sol en los invernaderos de Tierra de la Luz, donde deberá subsistir en un asentamiento chabolista. Bajo ese mar de plástico, conoce a dos mujeres que se convertirán en su gran apoyo: Mariam y Sade, una pareja que hace que su vida sea un poco más amable en ese entorno hostil de explotación laboral, abusos y calor asfixiante. Sin embargo, ni esa amistad ni la reaparición de un antiguo amor lograrán atenuar las emociones que envuelven a Ngolo cuando la situación para los inmigrantes en Tierra de la Luz empeora a raíz de una serie de desapariciones inexplicables. ------------------------ Reseñas: «Lucía da voz, cuerpo y alma a un relato duro como el mismísimo desierto, pero al igual que en esa aridez brota inesperada (y casi mágicamente) la vida, también aquí hay esperanza y luz». Beatriz Serrano, autora de El descontento «Una historia que nadie cuenta, escrita por una autora que cuenta como nadie». Moha Gerehou, periodista «Sin remilgos ni hipocresía y, a su vez, tan poética que mitiga el dolor». Asaari Bibang, actriz «Un lenguaje poético para hablar del dolor ignorado y las injusticias de las personas que recogen lo que comemos». Quan Zhou (@gazpachoagridulce), ilustradora «La dura realidad de los mares de esclavitud que esconden los invernaderos». Nicolás Castellanos, periodista",https://ww3.lectulandia.com/book/tierra-de-la-luz/,Realismo,2026-09-05
Punta de rieles,Manuel Rojas,"Novela, Realista",,"En una larga noche, dos hombres, dos soledades radicales, se reúnen en la mesa de un bar y dan rienda suelta a sus fracturas e historias de vida. Romilio Llanca, obrero sindicalista de Antofagasta, le pide consejo tras haber asesinado a su mujer al subdirector del diario local, Fernando Larraín Sanfuentes, un hijo de la clase alta que, alcoholizado, ha destruido a su familia y todo lo que ha estado a su alcance. En un contrapunto perfecto, cada capítulo alternará la narración de Llanca y el monólogo interior de Larraín sobre cómo han llegado a esa noche en la que parecieran concluir que no hay redención posible.",https://ww3.lectulandia.com/book/punta-de-rieles/,Realismo,2026-09-05
Animalitos,Lucía Alba Martínez,"Novela, Realista",,"Con veinticinco años, Inés tiene un bulto de ropa en el salón, ratones en las paredes, unas costillas en el horno y resaca todos los días. También tiene sueños en los que es una niña y pasea entre volcanes y chumberas y su padre la lleva de excursión a una guerra, y otros en los que Javi la abandona o que los dos vuelven a quererse. A veces piensa en perros y en osos y en cerros que son dinosaurios, y a veces se emborracha con Lara y le pregunta qué van a ser de mayores. A lo largo de esos meses que darán paso a la vida adulta, Inés nos muestra su mundo sin reparos: los veranos felices de la infancia, una relación intensa y dolorosa, recuerdos luminosos y encuentros sórdidos, y, de fondo, la angustia de no saber cómo salir de un bucle en el que alcohol y el sexo parecen ser a veces el único refugio. Con una mirada valiente y vulnerable, cargada de ternura, humor e ironía, Animalitos nos adentra en los sueños y la memoria, en la fina línea entre pasado y presente, para hablar del arraigo y el desarraigo, el amor y el desamor, el amparo y el desamparo. Con su primera novela, Lucía Alba Martínez se presenta como una de las voces más diferentes e interesantes del panorama español.",https://ww3.lectulandia.com/book/animalitos/,Realismo,2026-09-05
Hija,Ana María Shua,"Novela, Realista",,"«¿Era Natalia objetivamente tan hermosa como su madre suponía? ¿Cómo era, en realidad, su hija?, se preguntaba Esmé». Guido y Esmé son un matrimonio joven y tal vez idealista cuando una dictadura atroz se instala en la Argentina y empieza a diezmar a otros tan jóvenes como ellos. Aunque no son militantes, con la muerte de la hermana de Esmé como detonante, deciden partir al exilio. Los espera un París que para ellos está lejos de ser una fiesta: como tantos otros latinoamericanos, ahora son sudacas. A fuerza de pequeños negocios, siempre en el límite de la legalidad, consiguen sobrevivir. Unos años después, la pareja regresa al país y comienza la búsqueda de un embarazo que no resulta fácil. Cuando finalmente logra concebir y parir a Natalia, Esmé siente que no hay en el mundo otra más bella, más inteligente, más maravillosa. Pero pronto aparecen algunas señales en el carácter de su hija que resultan confusas al principio, para volverse luego aterradoras. Ana María Shua alterna la historia inquietante de una madre y su hija con el diario de construcción de esa historia. En ambos, realidad y ficción resultan dos caras de la misma prodigiosa moneda. Hija es, sin lugar a dudas, una de las mejores novelas de una de las mejores escritoras argentinas contemporáneas.",https://ww3.lectulandia.com/book/hija/,Realismo,2026-09-05
Qué bien besaba Judas,Maira Papazanasopulu,"Novela, Realista",,"Eleni, 36 años, locamente enamorada de su marido, de quien se quedó embarazada a los dieciocho, aunque sospecha, con razón, que la engaña con otra. Alexis, el marido, engaña a Eleni con una amiga y a esta última con la esposa del que luego será el amante de Eleni. Takis, el hijo, prototipo del adolescente díscolo y mal educado. Kristina, la amiga, un auténtico compendio de contradicciones que se debaten entre la amistad y la peripecia sexual. Nikitas, el amante, luce todas las cualidades necesarias para conquistar a una mujer traicionada, pero Eleni no es una mujer fácil y además está hecha un lío. Gusgunis, el perro, un vulgar chucho callejero desconcertado ante la insólita complejidad de la especie humana. Todos ellos son la tinta indeleble con que la vida escribe sus páginas más descarnadas, pero también las más tiernas y delirantes, en un libro sobre la pasión, la infidelidad y el desamor.",https://ww3.lectulandia.com/book/que-bien-besaba-judas/,Realismo,2026-09-05
El Llano en llamas (ed. Cátedra),Juan Rulfo,"Realista, Relato",,"El ""Llano en llamas"" es hoy un clásico de la literatura mexicana e hispanoamericana, y probablemente uno de los volúmenes de cuentos más traducido a otros idiomas en el mundo entero. Obra aparentemente sencilla resulta, sin embargo, profundamente desconcertante. En su unidad formal descansa una gran diversidad de lenguajes, registros y tonos con los que Rulfo aborda la problemática de una violencia multiforme (desembozada unas veces, insidiosa otras), hasta tal punto naturalizada que ha dejado de reconocerse como tal. Sin embargo, el autor no la ""refleja"" ni la ""denuncia"", ni tampoco la pone en escena: la persigue hasta sus repliegues más recónditos, compenetrándose con el sentir de quienes la ejercen o la padecen, sin alcanzar a reconocerla las más de las veces. O más precisamente: antes que la violencia misma, lo que los cuentos de ""El Llano en llamas"" ponen en escena suele ser ese oscuro y confuso bregar con su impronta en el sentir de quienes se vieron alguna vez envueltos en ella, sin advertir entonces su verdadero rostro.",https://ww3.lectulandia.com/book/el-llano-en-llamas-ed-catedra/,Realismo,2026-09-05
La cerda,Andrew Cowan,"Juvenil, Novela, Realista",,"Esta novela, galardonada con cinco premios internacionales, nos narra la historia de un verano decisivo en la vida de Danny, un adolescente que sufre la reconversión industrial de la Inglaterra de nuestros días, y de su novia hindú Surinder. Un verano que, para los dos, va a suponer su entrada en la vida adulta y el alejamiento de un mundo que se desvanece. Ellos querrán, ante todo, vivir su idilio pero sin apartarse de los problemas de su edad. Enfrentándose a su propio futuro, también tendrán tiempo para escuchar, fascinados, las historias que cuenta el abuelo de Danny sobre las costumbres, la cría y el sacrificio final de los cerdos. En su decisión está el salvar y cuidar a una anciana cerda, símbolo de libertad y vida de aquel verano. Con un estilo plenamente realista y cinematográfico, La cerda nos propone una reflexión sobre las relaciones generacionales, el racismo o la solidaridad, a través de la juventud de nuestro tiempo.",https://ww3.lectulandia.com/book/la-cerda/,Realismo,2026-09-05
Juego de soledades,Sergio Galindo,"Realista, Relato",,"Sergio Galindo es el «cantor del hogar» de este siglo XX a punto de cambiar de nombre y que en México inició después de la Revolución triunfante. Como nuestro avejentado Juan de Dios Peza, Sergio entona la melodía de la vida doméstica; pero, a diferencia de aquél, la ejecuta, no en su celebración, sino para poner al descubierto su aspecto taimadamente perverso, delicadamente venial. El espacio donde privan las amistades y los lazos consanguíneos; los miedos y aspiraciones; los placeres medidos y los pecados mortales a los que un apoltronado cinismo vuelve perdonables. En fin, el mundo clasemediero y tradicionalista, respetuoso defensor, más que de principios o convicciones, de las formas y normas de cuyo desacato dará cuenta buena parte de su narrativa. Tanto en cuentos como en novelas, Galindo cuelga en el tendedero de la lectura los entresijos de una clase social amanerada y pulcra, segura en apariencia; pero atemorizada hasta la médula como todo aquello que se finca en la certidumbre de la perdurabilidad. De este mundo inmediato, tan conocido y transitado, obtendrá Galindo sus mejores historias, sus personajes más recordables y por ende sus mejores textos. Luis Arturo Ramos",https://ww3.lectulandia.com/book/juego-de-soledades/,Realismo,2026-09-05
La mujer incierta,Piedad Bonnett,"Novela, Realista",,"«La que me ha pedido aparecer en estas páginas es sobre todo la mujer incierta, una que sigue existiendo dentro de mí, debajo de todas mis capas. Pero hay otras, algunas de las cuales no aparecen aquí o no aparecerán jamás». ¿Cómo contar la historia de uno mismo? Y, en ese ejercicio, ¿hasta qué punto se construye o se reconstruye la identidad? En este libro autobiográfico, Piedad Bonnett parte de sus vivencias para reflexionar sobre los factores que definen nuestra cotidianidad. Nos habla, con sensibilidad y lucidez, de aquello que determina la experiencia de las mujeres —la educación, el matrimonio, la maternidad, los tabúes asociados al cuerpo y la violencia de género— y también de la ansiedad, el miedo, la rebeldía, las ansias de libertad y las obsesiones que impulsan el proceso de la escritura. Con una prosa poética y contundente, atravesada por humor e ironía, la autora aborda las diferentes épocas que ha presenciado, en las que podemos vislumbrar las muchas mujeres que ha sido. Su camino de reconocimiento está siempre inconcluso, pues, al igual que ella, todos «somos inaprehensibles. Somos rectificables, como cuando queremos que la palabra dé cuenta de nosotros. No hay relato que diga quiénes somos».",https://ww3.lectulandia.com/book/la-mujer-incierta/,Realismo,2026-09-05
Detrás de la puerta,Giorgio Bassani,"Novela, Realista",La novela de Ferrara,"El protagonista de esta novela es un adolescente inteligente y sensible que tiene que separarse de su amigo de infancia y adaptarse a los nuevos compañeros al abandonar la escuela e iniciar el bachillerato. Desde el primer día de clase se espera que demuestre lo que vale para salir bien librado del inevitable reparto de papeles del que dependerá su suerte durante el curso. Y aunque está decidido a resistirse a este rito tan incomprensible como doloroso, la pequeña sociedad formada por los alumnos terminará imponiéndole su porción de sufrimiento, una herida que perdurará intacta hasta la edad adulta. Detrás de la puerta , la cuarta entrega de La novela de Ferrara , es la conmovedora historia de un personaje desgarrado por el conflicto entre la necesidad de ser aceptado y la de aceptarse a sí mismo. A través de las rencillas aparentemente inofensivas entre estudiantes, Bassani deja entrever, con su perspicacia y sutileza características, el perturbador trasfondo de la Italia fascista, en la que cualquier atisbo de diferencia representaba una traición.",https://ww3.lectulandia.com/book/detras-de-la-puerta/,Realismo,2026-09-05
La Quintrala,Magdalena Petit,"Novela, Realista",,"La obra, ambientada en la época de La Colonia, es una biografía novelada de doña Catalina de los Ríos y Lisperguer, bisnieta de una princesa mapuche. La Quintrala, como la apodaban, era famosa por su belleza y por los extraños y crueles actos que acometía contra sus inquilinos. Se transformó en un ícono de abuso y opresión durante el período colonial chileno.",https://ww3.lectulandia.com/book/la-quintrala/,Realismo,2026-09-05
¿Quién se ha meado en mi cama?,Antonio Álamo,"Realista, Relato",,"«Llegué a Londres en un otoño de mil novecientos ochenta y no sé cuántos Yo entonces era muy joven […]. Lo primero que descubrí en Londres es que el trabajo era una mierda […]. La inspiración de estos relatos no puede ser más clara. Hay cierta gente a la que conocí, gente que me causó una honda impresión […]. No pagaban la casa, no pagaban la luz, no pagaban impuestos, se vivía con el mínimo imprescindible, la fruta y la verdura la recogían del suelo en los mercados callejeros, algunos pintaban, otros hacían música (aunque sin ningún deseo ni perspectiva de notoriedad), pero la mayoría no hacía nada y yo eso lo encontraba admirable. No querían tener una casa, no querían tener un coche, no querían labrarse un futuro, no querían tener un trabajo, no querían tener un hijo, alcanzar un prestigio o comprarse una tumba. Nunca, ya digo, había conocido gente así […]. En mis cuadernos de Londres asoman la cabeza y dejan su rastro entre manchas de pintura, satélites de café y algunas lágrimas». ( Del prólogo del autor ). De las anteriores obras de Antonio Álamo ha dicho la crítica: «Hay como una amable frialdad al fondo de las cosas en Breve historia de la inmortalidad : una “vibración” que sorprende, que resulta necesaria y que convierte a Álamo en un novelista que ya brilla con luz propia» (J. Ferrero, El Mundo ). «Un relato trágico, misterioso y absurdo en el que las acotaciones corresponden a un estado de ánimo que es y se va haciendo ante nosotros, sin máscaras ni disfraces, en toda su grandeza y en todas sus miserias» (P. Castro, Abc ). «Los diálogos pasan como una exhalación, el ritmo es excelente, las situaciones originales y hay escenas antológicas» (G. Martínez, La Vanguardia ). «Libro de lectura vertiginosa donde hay tanta protesta social como personal» (R. Conte, Abc ).",https://ww3.lectulandia.com/book/quien-se-ha-meado-en-mi-cama/,Realismo,2026-09-05
Vivir afuera,Fogwill,"Novela, Realista",,"En Vivir afuera seis personajes, unidos por el azar de la madrugada de un viernes, nos hablan desde la situación privilegiada de los márgenes de la sociedad. Márgenes trazados por la clase, la raza, la urbanización o los estigmas inmunológicos que condenan a vivir afuera de la ilusión de bienestar. O márgenes abrazados deliberadamente como una salvación por quienes estuvieron sobreexpuestos a la verdad de la guerra, la muerte y el sinsentido de las prácticas institucionales y de la ley. Pero ¿afuera de dónde? Ésta parece ser la pregunta que inspiró el proyecto de Fogwill. «Hombres y mundos: mundo del bien, mundo del mal. (…) Y en el mundo del bien no se puede pensar, porque ya quedó fuera de nuestro alcance…». No es posible decidir si hemos leído la reflexión de un personaje o una de las intervenciones caprichosas del autor. Pero podemos imaginar la posibilidad de que estos mundos dispares que desde afuera traman el adentro de la ciudad de hoy, estén habitados simultáneamente por la misma conciencia narrativa que supo hablarnos —ya en libros anteriores— como mujer, oficial de inteligencia, conscripto, prisionera, playboy, drogadicto, delator, poeta y profesora hasta convencernos de que podía ser dos o más de ellos a la vez. Para abstenerse de construir, de señalar sentidos y de postular cualquier verdad, Fogwill convierte este relato en la única «novela edificante» para un tiempo de eficacia demoledora.",https://ww3.lectulandia.com/book/vivir-afuera/,Realismo,2026-09-05
Gente en la Isla,Rubén Azócar,"Novela, Realista",,"Esta novela presenta la vida humilde de un Chiloé lejano en el tiempo. El autor narra la vida isleña de principio del siglo XX haciendo propias las formas de hablar, expresiones y preocupaciones de chonchinos y demás isleños. La belleza del paisaje, el misterio de los mitos chilotes, la nobleza y la dura vida de seres en medio de un territorio próximo al fin del mundo, son los grandes protagonistas de este libro. Escrita por Rubén Azócar cuando enseñaba en un liceo de Chiloé, Gente en la Isla fue premiada en el concurso de novela de la Editorial Zig-Zag y el Premio Municipal de Santiago.",https://ww3.lectulandia.com/book/gente-en-la-isla/,Realismo,2026-09-05
Ève de entre sus escombros,Ananda Devi,"Drama, Novela, Realista",,"Esta novela narra la vida de cuatro adolescentes en un barrio marginal de la periferia de Port Louis, en la isla de Mauricio, que toman la palabra de manera alterna para mostrar diferentes tipos de violencia, especialmente contra el cuerpo femenino. Ève es una adolescente que se prostituye sin una razón clara, en torno a la cual giran Savita, amiga íntima y pilar de su vida, Sadiq, poeta aficionado enamorado de ella, y Clélio, amigo de este, un oasis de conciencia social en medio de la alienación general. Los cuatro amigos se muestran crueles pero inconscientes, derrotistas y desesperados pero idealistas, determinados pero confusos. La trama, construida alrededor de estos personajes siempre al borde de un abismo psicológico –y material–, se precipita a raíz del asesinato de uno de ellos. Una mirada desgarradora a los rincones oscuros de Mauricio que los turistas nunca ven y una exploración conmovedora de vidas jóvenes al margen de la sociedad.",https://ww3.lectulandia.com/book/eve-de-entre-sus-escombros/,Realismo,2026-09-05
Las cigüeñas son inmortales,Alain Mabanckou,"Drama, Histórico, Novela, Realista",,"Michel, un chico de trece años con fama de soñador, vive en la localidad congoleña de Pointe-Noire. Su vida transcurre con normalidad: va al colegio, juega, tiene sus más y sus menos con los vecinos; su madre trabaja en un puesto de plátanos en el mercado y su padre, en un hotel. Pero en marzo de 1977, de repente, estalla la noticia: el camarada presidente Marien Ngouabi ha sido brutalmente asesinado. El atentado tendrá distintas consecuencias en la vida de Michel y su familia, el aprendizaje de la mentira no será la menor de ellas. Con humor y emoción, a través de la mirada ingenua del protagonista adolescente, el autor se vale del universo familiar para ofrecernos un fresco de la descolonización y los callejones sin salida del continente africano, de los que el Congo es un doloroso ejemplo. Dueño de un universo literario único y considerado como uno de los escritores francófonos más importantes de la actualidad, Mabanckou mezcla intimidad y tragedia política en esta historia de un chico que se enfrenta de golpe con la realidad de la vida.",https://ww3.lectulandia.com/book/las-ciguenas-son-inmortales/,Realismo,2026-09-05
Don Manuel o la agricultura,Bernardo V. Carande,"Novela, Realista",,"Esta novela, modelo de mesura, equilibrio e imaginación, tiene en su don Manuel un joven abogado, republicano adicto, azacanado de Palencia a Badajoz, pasando por Madrid, al que el azar de la vida fustiga, por unos años —los de la primera restauración borbónica, tan afines a los de nuestra coetánea actualidad— y en su coyuntura, su agricultura , todo un puro paradigma a actualizar. Es como si estos cien años que nos distancian de su época, no hubieran pasado, ni aun de balde. Bernardo V. Carande (Madrid, 1932), recriado en Sevilla, domiciliado en la provincia de Badajoz, hombre plural —ha hecho teatro: suyo fue el primer espectáculo Valle-Inclán de posguerra (Sevilla, 1954); ha sido fotógrafo taurino: pinta—, liberal y natural, de profesión agricultor —como puntualiza, pese a su licenciatura en Historia—, persevera con esta novela, después del éxito de Suroeste , recientemente publicada en esta misma colección, en su ambiciosa intención de rescatar para el género, entre novedad y tradición, sin recelo ni renuncia, un ámbito adecuado. Esta gran novela, donde coexisten el «sentimiento trágico de la vida», la tensión social y la historia, puede servir de ejemplo.",https://ww3.lectulandia.com/book/don-manuel-o-la-agricultura/,Realismo,2026-09-05
Todas nuestras maldiciones se cumplieron,Tamara Tenenbaum,"Novela, Realista",,"Esta novela narra el tránsito a la madurez de una chica que creció en una comunidad judía ortodoxa hasta que una mañana de invierno, en el barrio porteño de Once, una bomba hizo estallar todas sus certezas. Desde el padre muerto en el atentado en adelante, los hombres en esta novela aparecen en segundo plano, como afantasmados. Las mujeres, en cambio, poseen la fuerza y la determinación de quienes tienen que salir adelante solas, con las limitaciones impuestas a su género por el medio en que se mueven. Pero la protagonista no está dispuesta a aceptar mandatos que, a medida que crece, se le vuelven cada vez más absurdos. Cree, como su madre, que la única manera de asegurarse de que algo se haga bien es hacerlo ella misma y esa es su única religión. Tamara Tenenbaum narra una historia personal que es también generacional, atravesada por una tensión latente que moldea todos los vínculos. Mediante un estilo seco, irónico, con ramalazos de humor negro, la autora describe el clima de su infancia y su adolescencia dentro de la ortodoxia, y su ruptura simbólica y real con ese origen en busca de horizontes menos asfixiantes. Esa búsqueda traerá la promesa de la libertad sexual y del amor, pero también el desconcierto, la inadecuación a un mundo que ya no viene diseñado de antemano.",https://ww3.lectulandia.com/book/todas-nuestras-maldiciones-se-cumplieron/,Realismo,2026-09-05
La espera,Rodrigo Rubio,"Novela, Realista",,"La espera es una novela que explora las complejidades de las relaciones humanas, el paso del tiempo y las incertidumbres de la vida. La historia se centra en dos personajes principales, cuyas vidas se entrelazan a lo largo de los años. La novela se caracteriza por: Explorción de las relaciones: La obra profundiza en las dinámicas de las relaciones amorosas y amistosas, mostrando sus altibajos y las dificultades que enfrentan los personajes. Reflexión sobre el tiempo: El paso del tiempo juega un papel crucial en la narrativa, ya que los personajes se enfrentan a los cambios y desafíos que trae consigo el transcurso de los años. Incertidumbre y esperanza: La novela aborda la incertidumbre de la vida y la importancia de la esperanza, mostrando cómo los personajes lidian con la incertidumbre y buscan un sentido en sus vidas. Humanidad: Los personajes son presentados de forma humana, con sus virtudes y defectos, lo que permite al lector conectar con sus experiencias y emociones. En resumen, La espera es una novela que invita a la reflexión sobre la vida, el amor y el paso del tiempo, a través de la historia de personajes entrañables y complejos.",https://ww3.lectulandia.com/book/la-espera/,Realismo,2026-09-05
Las rosas eran de otro modo,José Joaquín Blanco,"Realista, Relato",,"DIEZ RELATOS INTEGRAN ESTE LIBRO DE JOSÉ Joaquín Blanco, el gran crítico de nuestra literatura, de aquí y de otras geografías, cronista infatigable de nuestros espacios domésticos, retratista preciso e implacable de sus habitantes. Diez historias que en la creación de personajes y situaciones, ofrecen otros tantos signos de identidad frente al espejo de las ilusiones perdidas, realidades en la usura de la modernidad. Las rosas eran de otro modo : aquí se refiere el misterio del donjuán demediado, la dama crepuscular cuenta sus días de periodista conspicua, los amigos homosexuales enredan y vencen una redención imposible, el santo de barrio se revela un maestro de la sobrevivencia y la hipocondria, el increíble tráfico de una herencia imposible le devuelve sus cuentas de vidrio a Mendel… Álbum que en su sabia diversidad hace desfilar las esencias de sus ambientes para reconstruir la otra historia patria, Las rosas eran de otro modo sabe hablar al oído del lector.",https://ww3.lectulandia.com/book/las-rosas-eran-de-otro-modo/,Realismo,2026-09-05
Crónica de novela,Marco Aurelio Carballo,"Novela, Realista",,"¿Cómo gestar una novela? ¿Cómo construir la estruc­tura narrativa? ¿Cómo en­gendrar personajes, crear situaciones, elaborar prin­cipios, deducir finales, combinar realidad con fan­tasía y hacer creíble una historia? Estas preguntas parece habérselas planteado Marco Aurelio Carballo al escribir Crónica de novela , un texto además de respuestas, y una síntesis de las preocupaciones estilísticas, temáticas y con­ceptuales del autor. Fusión de géneros, a caballo entre el periodismo y la literatura, en este libro se hace también la reseña puntual de la vida cotidiana de un observador concienzudo, criticón, hipocondríaco, alcohólico, duro y romántico. En los dos planos narrativos que conforman Crónica de novela está presente el humor ácido y el sarcasmo característico de toda la obra del autor.",https://ww3.lectulandia.com/book/cronica-de-novela/,Realismo,2026-09-05
Entre los muertos,Stanislaw Lem,"Drama, Novela, Realista",Tiempo no perdido,"Entre los muertos es una de las obras más duras y personales del polaco Stanisław Lem. Oculta durante seis décadas por deseo del autor y dotada de una fuerte carga autobiográfica, esta novela narra los años más oscuros de la ocupación nazi que Lem vivió en primera persona en su ciudad natal, Leópolis. La historia se presenta a través de dos personajes: Stefan Trzyniecki, alter ego de Lem al que ya conocimos en El hospital de la transfiguración ; y Karol Wilk, un joven genio de las matemáticas que se ve atrapado por la contienda y obligado a ocultarse en un taller donde solo trabajan judíos. Matrimonios que huyen del gueto en plena noche, pogromos, matanzas, deportaciones y desapariciones. Judíos enterrados durante meses en oscuras habitaciones tapiadas. Transportes letales a los campos del infierno en Bełżec. Un escenario único desde el que asomarnos directamente al abismo. Una historia sobrecogedora en la que los ideales se muestran como el último antídoto contra la pérdida de la esperanza.",https://ww3.lectulandia.com/book/entre-los-muertos-stanislaw-lem/,Realismo,2026-09-05
El encaje roto : antología de cuentos de violencia contra las mujeres,Emilia Pardo Bazán,"Realista, Relato",,"Aunque su faceta más conocida es la de novelista, Emilia Pardo Bazán fue, entre otras cosas, una fecunda autora de cuentos, de los que publicó alrededor de seiscientos cincuenta. Uno de los temas con mayor presencia en su obra cuentística es el de la violencia ejercida por los hombres contra las mujeres, asunto este que también aparece en algunas de sus novelas y en varios de sus artículos. Esta antología, editada y prologada por Cristina Patiño Eirín, profesora de la Universidad de Santiago de Compostela, reúne treinta y cinco de los cuentos de Pardo Bazán que giran en torno a este tema. Variados en cuanto al punto de vista, al tono, a la ambientación, a la clase social de sus personajes, a la relación que existe entre la mujer y el hombre (en la mayoría de los casos es su prometida, su esposa o su hija, pero en algunos no hay ningún vínculo entre ellos) y al tipo de violencia (la física, la psicológica, la sexual, la patrimonial, la social, la simbólica), estos relatos, obra de una escritora que nunca dejó de denunciar la desigualdad entre mujeres y hombres, ofrecen un amplio panorama de la violencia machista y muestran actitudes y comportamientos que siguen vigentes hoy en día. Varios de los cuentos recogidos en esta antología los protagonizan mujeres que no dudan en plantar cara a su maltratador o que se dan cuenta a tiempo de cómo es en realidad el hombre con el que se van a casar y actúan en consecuencia.",https://ww3.lectulandia.com/book/el-encaje-roto-antologia-de-cuentos-de-violencia-contra-las-mujeres/,Realismo,2026-09-05
Días de poder,Luis Spota,"Novela, Realista",,«El poder como supremo valor que afecta desde los más íntimos momentos de los individuos hasta la razón de los caminos nacionales. El acceso al poder como angustia y como sueño».,https://ww3.lectulandia.com/book/dias-de-poder/,Realismo,2026-09-05
Sinatra,Raúl Núñez,"Novela, Otros, Realista",,"Sinatra no es Sinatra. Es Antonio. Pero se parece a Sinatra. Su mujer lo ha abandonado y trabaja de portero nocturno en una miserable pensión. Cansado de su soledad, se ha apuntado a un club de amigos por correspondencia, donde entra en contacto con un atracador, una poeta enana, una viuda y su violento hijo, un dulce y cariñoso camarero gay, un lunático religioso. Además, está Natalia, la enajenada adolescente que quiere tener un hijo suyo. Y su jefe, el octogenario Lagarto. Y la aguerrida señorita Clementina. Y Manolo, su indolente compañero de trabajo. Y un peluquero alcohólico. Y los bares, también están los bares. Y las sórdidas calles de una Barcelona, la preolímpica, perdida para siempre. Sinatra, aunque a veces amague con su sonrisa torcida, no puede más. Necesita que cambie su suerte. Y cambia. En un inesperado golpe de fortuna encuentra el amor en un bingo. Porque Sinatra, considerada la obra maestra de Raúl Núñez, es, sobre todo, una historia de amor. De soledad y desesperación, no hay duda, pero principalmente de amor. Sinatra solo quiere amar y que lo amen. Las putillas de Ramblas abajo, los salones de bingo, la sórdida recepción de una pensión, La Plaza Real y los bares del Barrio Chino son algunos de los elementos y escenarios que Raúl Núñez elige para desarrollar su obra.",https://ww3.lectulandia.com/book/sinatra/,Realismo,2026-09-05
Los desiertos del alma,Sealtiel Alatriste,"Novela, Realista",,"Esta novela habla de una pérdida; no hay, en propiedad, lamento, sino algo que se constata; un acarreo de certezas crecido en un vaivén entre el protagonista-narrador y los demás, entre el pálpito de un fervor que no se quiere mecánico y el ejemplo y las cosas. El dolor no hace ruido, sólo prolonga el proceso de pérdida hasta su final. Sin mezclar amor y pérdida, con aura de sueño en que caben desde el rencuentro hasta la pesadilla, Sealtiel Alatriste conjuga su relato en clave autobiográfica y nos lo muestra retratado —y perseguido— por sí mismo, a partir del episodio del fallecimiento de su madre, y el hilo conductor queda tensado, aunque no habrá consuelo: la muerte borra con la imagen del muerto también la del que lo ama. Viscoso es el fracaso de las tentativas para acceder al destino, y el relato de Los desiertos del alma encaja en el arquetipo místico del centro : el lugar de la infancia, el del tú ya ausente, el de todas las pérdidas como un núcleo vacío del que se esperaría inútilmente el hallazgo de la propia identidad. Autor capaz de insertar en sus páginas perfiles cuajados de complejidades sensitivas, sin por ello difuminar la trama, Alatriste ofrece la posibilidad de adentrarse a un mundo donde habla de una pérdida, denso, contradictorio, real. Escritor desde la aparición de Por vivir en quinto patio , donde se advierte un juego contundente de los diálogos, Sealtiel Alatriste es hasta el momento fiel a su trayectoria evocadora y de aliento costumbrista, siempre dominada por una búsqueda de la claridad expresiva en consonancia con las tonalidades nítidas de sus líneas. De la variedad de los materiales empleados en Los desiertos del alma surgen diversas posibilidades de lectura donde se entrelazan las inquietudes más acusadas de la prosa de Sealtiel Alatriste. Una de ellas viene a recalcar que la relatividad de los géneros —la novela autobiográfica, las memorias, el relato de formación— es uno de los factores que estimulan la audacia expresiva del escritor. La novela como vía de conocimiento subyace en las páginas del texto, en la pluralidad de los motivos y en esa imagen que discurre entre el apego a los hechos concretos y el vértigo individualista de la subjetividad, en esa imagen, en fin, que muestra el trabajo literario como un medio de liberación individual.",https://ww3.lectulandia.com/book/los-desiertos-del-alma/,Realismo,2026-09-05
Los muchachos locos de aquel verano,Gerardo de la Torre,"Novela, Realista",,"Aceptar las reglas del juego o descubrir caminos alternativos es el dilema que obsesiona a un grupo de trabajadores petroleros unidos por el entusiasmo y el dolor del 68. Quince años después, Valerio y Emilio, protagonistas centrales de Los muchachos locos de aquel verano , emprenden el recuento de historias de amor desesperado y deserciones sindicales, y las reminiscencias calidoscópicas de su pasado giran como una rueda atorada en el barro, los ejes trabados y rotos. Narrada en buena parte con técnicas de linaje cinematográfico —flashbacks dentro de flashbacks, cortes tajantes de la acción dramática— la novela ofrece una visión pesimista y sombría de la vida sindical petrolera en los años 70 y 80 —allí el quinismo—, y los retratos, en ocasiones trágicos, de seres consumidos por la culpa y la pasión.",https://ww3.lectulandia.com/book/los-muchachos-locos-de-aquel-verano/,Realismo,2026-09-05
Los días contados,Luis Spota,"Novela, Realista",,"Seguramente el lector recordará a un personaje de constante presencia y difusas actividades en la serie La costumbre del poder: el General Marcelino Ku. Dicho personaje es un anciano militar, testigo y protagonista de muchos de los ejes de trama que dieron pie a la descripción más viva y sugestiva que se haya hecho en lengua española del ejercicio del poder. Su desarrollo, alteración y deformación que hace víctimas en los seres humanos que lo encarnan. Así, el protagonista principal de esta obra de Spota es este anciano General que, ante los abusos de los dirigentes de los gobiernos actuales, trata de hacer oír su voz, que considera ejemplo de autenticidad, de posible guía para conducir al país por mejores rumbos. Sus intentos por acercarse a los detentadores del poder, en especial al Presidente, sostienen un amplio y eficazmente elaborado racimo anecdótico. En esta novela unitaria en la cual es retomado este personaje, Spota hace gala de su riqueza de expe­riencia brindándonos un relato harto novedoso y sugestivo; acudiendo a recursos narrativos de una gran audacia eficaz.",https://ww3.lectulandia.com/book/los-dias-contados-luis-spota/,Realismo,2026-09-05
Historia de la mujer caníbal,Maryse Condé,"Novela, Psicológico, Realista",,"El marido de Rosélie acaba de ser asesinado. Sola en Ciudad del Cabo, se siente una extranjera en tierra hostil, un punto negro en el rostro de un país cuyas heridas siguen cicatrizando. Quisiera volver a casa, pero ¿cuál es su casa? Nacida en Guadalupe, educada en Francia, el color de su piel la ha perseguido por cuatro continentes: no hay lugar en el mundo que le haya dado tregua. Además, el misterio de la muerte de Stephen abre una caja de Pandora de habladurías, rumores y sospechas. Por primera vez, Rosélie duda: ¿quién fue realmente su marido? Ella, que fue pintora, ya no puede pintar. Ella, una médium capaz de devolverle el sueño a todos sus pacientes, no logra conciliar el suyo. En este relato de supervivencia, Maryse Condé desentierra una vida de desarraigo y lucha, y en tinta negra sobre páginas blancas consigue demostrar una vez más que en la vida, por mucho que a veces lo parezca, nada es blanco ni negro.",https://ww3.lectulandia.com/book/historia-de-la-mujer-canibal/,Realismo,2026-09-05
Los árboles de oro,Ramón Carnicer,"Drama, Novela, Realista",,"La novela Los arboles de oro presenta con original enfoque la evolución de un adolescente en una ciudad provinciana, que incita a la evasión por el camino de la fantasía. La realidad, al irrumpir tal cual es en coincidencia con la guerra civil, se superpone bruscamente a los contornos difusos de lo imaginado, pero el fervor con que el protagonista había ido modelando sus ideas y sentimientos, le permite afrontar la nueva visión del mundo en actitud superadora. En definitiva, la realidad no cierra nunca sus caminos a la acción y a la esperanza, pero esta conclusión no procede de una disposición ingenuamente optimista, sino de los recursos creadores de la voluntad. Los ambientes en que se desenvuelve el relato dan testimonio fidelísimo de unos aspectos de la sociedad española muy próximos a nosotros.",https://ww3.lectulandia.com/book/los-arboles-de-oro/,Realismo,2026-09-05
Martín de Caretas,Sebastián Juan Arbó,"Novela, Realista",,"Esta historia, dividida en tres novelas, a saber, “Martín de Caretas en el pueblo”, “Martín de Caretas en el campo” y “Martín de Caretas en la ciudad”, escrita por Sebastián Juan Arbó, es la vida de Martín, natural de Caretas, su pueblo. Narra cronológicamente su infancia, sus vicisitudes en el campo y su entrada e instalación en Barcelona, todo ello con los pensamientos y creencias que se va forjando, y abandonando a veces. Inseparable de él está Roque, su abuelo, con quien tendrá sustanciosas conversaciones a base de cariño y palo.",https://ww3.lectulandia.com/book/martin-de-caretas/,Realismo,2026-09-05
Bromas de la vida y la muerte,Nazario Yuste Rossell,"Drama, Humor, Realista, Relato",,Pequeña colección de cuentos para disfrutar con la inventiva y buen hacer de su autor y con las cotidianas aventurillas de un simple párroco.,https://ww3.lectulandia.com/book/bromas-de-la-vida-y-la-muerte/,Realismo,2026-09-05
